-- --------------------------------------------------------
-- Servidor:                     192.168.1.26
-- Versão do servidor:           5.6.20 - MySQL Community Server (GPL)
-- OS do Servidor:               Win32
-- HeidiSQL Versão:              8.3.0.4694
-- --------------------------------------------------------

/*!40101 SET @OLD_CHARACTER_SET_CLIENT=@@CHARACTER_SET_CLIENT */;
/*!40101 SET NAMES utf8 */;
/*!40014 SET @OLD_FOREIGN_KEY_CHECKS=@@FOREIGN_KEY_CHECKS, FOREIGN_KEY_CHECKS=0 */;
/*!40101 SET @OLD_SQL_MODE=@@SQL_MODE, SQL_MODE='NO_AUTO_VALUE_ON_ZERO' */;

-- Copiando estrutura do banco de dados para login
CREATE DATABASE IF NOT EXISTS `login` /*!40100 DEFAULT CHARACTER SET latin1 */;
USE `login`;


-- Copiando estrutura para tabela login.album
CREATE TABLE IF NOT EXISTS `album` (
  `cod` int(11) NOT NULL AUTO_INCREMENT,
  `numero` varchar(255) DEFAULT NULL,
  `obs` varchar(255) DEFAULT NULL,
  `ocupado` bit(1) DEFAULT NULL,
  `status` int(11) DEFAULT NULL,
  `cont_id` int(11) DEFAULT NULL,
  `func_mont` int(11) DEFAULT NULL,
  `func_trat` int(11) DEFAULT NULL,
  `qtdFotos` int(11) DEFAULT '0',
  PRIMARY KEY (`cod`),
  KEY `FK_b9ofxghjwhshfg56y2yvx0tfm` (`cont_id`),
  KEY `FK_858lous9xylfi26ae8bs93j96` (`func_mont`),
  KEY `FK_e0yvgbsd34kj7l5mm483tedk1` (`func_trat`),
  CONSTRAINT `FK_858lous9xylfi26ae8bs93j96` FOREIGN KEY (`func_mont`) REFERENCES `usuario` (`cod`),
  CONSTRAINT `FK_b9ofxghjwhshfg56y2yvx0tfm` FOREIGN KEY (`cont_id`) REFERENCES `contrato` (`cod`),
  CONSTRAINT `FK_e0yvgbsd34kj7l5mm483tedk1` FOREIGN KEY (`func_trat`) REFERENCES `usuario` (`cod`)
) ENGINE=InnoDB AUTO_INCREMENT=1218 DEFAULT CHARSET=latin1;

-- Copiando dados para a tabela login.album: ~909 rows (aproximadamente)
/*!40000 ALTER TABLE `album` DISABLE KEYS */;
REPLACE INTO `album` (`cod`, `numero`, `obs`, `ocupado`, `status`, `cont_id`, `func_mont`, `func_trat`, `qtdFotos`) VALUES
	(233, '201306210', NULL, b'0', 16, 26, 3, NULL, 0),
	(234, '201306211', NULL, b'0', 16, 26, 20, NULL, 0),
	(235, '201306219', NULL, b'0', 16, 26, 18, NULL, 0),
	(236, '201306221', NULL, b'0', 16, 26, 20, NULL, 0),
	(237, '201306222', NULL, b'0', 16, 26, 3, NULL, 0),
	(238, '201306226', NULL, b'0', 16, 26, 18, NULL, 0),
	(239, '201306227', NULL, b'0', 16, 26, 20, NULL, 0),
	(240, '201306228', NULL, b'0', 16, 26, 20, NULL, 0),
	(241, '201306229', NULL, b'0', 16, 26, 3, NULL, 0),
	(242, '201306230', NULL, b'0', 16, 26, 18, NULL, 0),
	(243, '201306234', NULL, b'0', 16, 26, 20, NULL, 0),
	(244, '201306236', NULL, b'0', 16, 26, 3, NULL, 0),
	(245, '201306237', NULL, b'0', 16, 26, 20, NULL, 0),
	(246, '201306240', NULL, b'0', 16, 26, 18, NULL, 0),
	(247, '201306241', NULL, b'0', 16, 26, 3, NULL, 0),
	(248, '201306242', NULL, b'0', 16, 26, 18, NULL, 0),
	(249, '201306243', NULL, b'0', 16, 26, 18, NULL, 0),
	(250, '201306244', NULL, b'0', 16, 26, 3, NULL, 0),
	(251, '201306245', NULL, b'0', 16, 26, 20, NULL, 0),
	(252, '201306247', NULL, b'0', 16, 26, 18, NULL, 0),
	(253, '201306248', NULL, b'0', 16, 26, 21, NULL, 0),
	(254, '201306250', NULL, b'0', 16, 26, 20, NULL, 0),
	(255, '201306251', NULL, b'0', 16, 26, 3, NULL, 0),
	(256, '201306252', NULL, b'0', 16, 26, 18, NULL, 0),
	(257, '201306253', NULL, b'0', 16, 26, 21, NULL, 0),
	(258, '201306255', NULL, b'0', 16, 26, 20, NULL, 0),
	(259, '201306256', NULL, b'0', 16, 26, 18, NULL, 0),
	(260, '201306608', NULL, b'0', 16, 26, 3, NULL, 0),
	(261, '201306984', NULL, b'0', 16, 26, 21, NULL, 0),
	(262, '201306985', NULL, b'0', 16, 26, 3, NULL, 0),
	(265, '201306235', NULL, b'0', 16, 26, 3, NULL, 0),
	(266, '201313065', NULL, b'0', 16, 26, 20, NULL, 0),
	(267, '201326127', NULL, b'0', 16, 26, 3, NULL, 0),
	(268, '201313082', NULL, b'0', 16, 26, 18, NULL, 0),
	(269, '201313089', NULL, b'0', 16, 26, 21, NULL, 0),
	(270, '201313097', NULL, b'0', 16, 26, 20, NULL, 0),
	(271, '201314423', NULL, b'0', 16, 26, 20, NULL, 0),
	(272, '201318962', NULL, b'0', 16, 26, 3, NULL, 0),
	(273, '201318963', NULL, b'0', 16, 26, 21, NULL, 0),
	(274, '201318970', NULL, b'0', 16, 26, 20, NULL, 0),
	(275, '201318971', NULL, b'0', 16, 26, 21, NULL, 0),
	(276, '201318972', NULL, b'0', 16, 26, 18, NULL, 0),
	(277, '201318973', NULL, b'0', 16, 26, 3, NULL, 0),
	(278, '201325323', NULL, b'0', 16, 26, 21, NULL, 0),
	(279, '201326100', NULL, b'0', 16, 26, 3, NULL, 0),
	(280, '201326102', NULL, b'0', 16, 26, 18, NULL, 0),
	(281, '201326116', NULL, b'0', 16, 26, 20, NULL, 0),
	(282, '201326118', NULL, b'0', 16, 26, 18, NULL, 0),
	(283, '201326121', NULL, b'0', 16, 26, 3, NULL, 0),
	(284, '201326123', NULL, b'0', 16, 26, 18, NULL, 0),
	(285, '201326124', NULL, b'0', 16, 26, 20, NULL, 0),
	(286, '201326126', NULL, b'0', 16, 26, 20, NULL, 0),
	(287, '201327562', NULL, b'0', 16, 26, 20, NULL, 0),
	(288, '201329547', NULL, b'0', 16, 26, 3, NULL, 0),
	(289, '201329563', NULL, b'0', 16, 26, 20, NULL, 0),
	(290, '201329564', NULL, b'0', 16, 26, 21, NULL, 0),
	(291, '201329567', NULL, b'0', 16, 26, 20, NULL, 0),
	(292, '201329568', NULL, b'0', 16, 26, 3, NULL, 0),
	(293, '201329572', NULL, b'0', 16, 26, 21, NULL, 0),
	(294, '201329574', NULL, b'0', 16, 26, 20, NULL, 0),
	(295, '201329575', NULL, b'0', 16, 26, 21, NULL, 0),
	(296, '201329576', NULL, b'0', 16, 26, 20, NULL, 0),
	(297, '201329577', NULL, b'0', 16, 26, 21, NULL, 0),
	(298, '201329580', NULL, b'0', 16, 26, 3, NULL, 0),
	(299, '201329582', NULL, b'0', 16, 26, 18, NULL, 0),
	(300, '201329584', NULL, b'0', 16, 26, 21, NULL, 0),
	(301, '201329585', NULL, b'0', 16, 26, 20, NULL, 0),
	(302, '201329587', NULL, b'0', 16, 26, 21, NULL, 0),
	(303, '201329588', NULL, b'0', 16, 26, 3, NULL, 0),
	(304, '201329591', NULL, b'0', 16, 26, 21, NULL, 0),
	(305, '201329593', NULL, b'0', 16, 26, 20, NULL, 0),
	(306, '201329594', NULL, b'0', 16, 26, 3, NULL, 0),
	(307, '201329598', NULL, b'0', 16, 26, 21, NULL, 0),
	(308, '201329599', NULL, b'0', 16, 26, 20, NULL, 0),
	(309, '201309202', NULL, b'0', 16, 27, 21, NULL, 0),
	(310, '201309204', NULL, b'0', 16, 27, 20, NULL, 0),
	(311, '201309205', NULL, b'0', 16, 27, 18, NULL, 0),
	(312, '201309206', NULL, b'0', 16, 27, 3, NULL, 0),
	(313, '201309246', NULL, b'0', 16, 27, 21, NULL, 0),
	(314, '201309247', NULL, b'0', 16, 27, 3, NULL, 0),
	(315, '201309249', NULL, b'0', 16, 27, 20, NULL, 0),
	(316, '201309250', NULL, b'0', 16, 27, 21, NULL, 0),
	(317, '201309251', NULL, b'0', 16, 27, 21, NULL, 0),
	(318, '201309252', NULL, b'0', 16, 27, 21, NULL, 0),
	(319, '201309253', NULL, b'0', 16, 27, 3, NULL, 0),
	(320, '201309254', NULL, b'0', 16, 27, 20, NULL, 0),
	(321, '201309256', NULL, b'0', 16, 27, 21, NULL, 0),
	(322, '201309258', NULL, b'0', 16, 27, 18, NULL, 0),
	(323, '201309260', NULL, b'0', 16, 27, 21, NULL, 0),
	(324, '201309261', NULL, b'0', 16, 27, 3, NULL, 0),
	(325, '201309262', NULL, b'0', 16, 27, 21, NULL, 0),
	(326, '201309263', NULL, b'0', 16, 27, 3, NULL, 0),
	(327, '201309265', NULL, b'0', 16, 27, 20, NULL, 0),
	(328, '201309266', NULL, b'0', 16, 27, 21, NULL, 0),
	(329, '201309267', NULL, b'0', 16, 27, 3, NULL, 0),
	(330, '201309268', NULL, b'0', 16, 27, 21, NULL, 0),
	(331, '201309269', NULL, b'0', 16, 27, 20, NULL, 0),
	(332, '201309270', NULL, b'0', 16, 27, 21, NULL, 0),
	(333, '201309271', NULL, b'0', 16, 27, 3, NULL, 0),
	(334, '201309272', NULL, b'0', 16, 27, 20, NULL, 0),
	(335, '201309273', NULL, b'0', 16, 27, 21, NULL, 0),
	(336, '201309274', NULL, b'0', 16, 27, 3, NULL, 0),
	(337, '201309275', NULL, b'0', 16, 27, 20, NULL, 0),
	(338, '201309276', NULL, b'0', 16, 27, 18, NULL, 0),
	(339, '201309277', NULL, b'0', 16, 27, 3, NULL, 0),
	(340, '201309278', NULL, b'0', 16, 27, 21, NULL, 0),
	(341, '201309279', NULL, b'0', 16, 27, 3, NULL, 0),
	(342, '201309280', NULL, b'0', 16, 27, 20, NULL, 0),
	(343, '201309281', NULL, b'0', 16, 27, 21, NULL, 0),
	(344, '201309283', NULL, b'0', 16, 27, 18, NULL, 0),
	(345, '201309284', NULL, b'0', 16, 27, 21, NULL, 0),
	(346, '201309286', NULL, b'0', 16, 27, 3, NULL, 0),
	(347, '201309287', NULL, b'0', 16, 27, 21, NULL, 0),
	(348, '201309288', NULL, b'0', 16, 27, 20, NULL, 0),
	(349, '201309289', NULL, b'0', 16, 27, 18, NULL, 0),
	(350, '201309291', NULL, b'0', 16, 27, 18, NULL, 0),
	(351, '201309292', NULL, b'0', 16, 27, 20, NULL, 0),
	(352, '201309293', NULL, b'0', 16, 27, 3, NULL, 0),
	(353, '201309294', NULL, b'0', 16, 27, 18, NULL, 0),
	(354, '201309296', NULL, b'0', 16, 27, 3, NULL, 0),
	(355, '201309297', NULL, b'0', 16, 27, 18, NULL, 0),
	(356, '201309298', NULL, b'0', 16, 27, 3, NULL, 0),
	(357, '201309299', NULL, b'0', 16, 27, 18, NULL, 0),
	(358, '201309300', NULL, b'0', 16, 27, 20, NULL, 0),
	(359, '201323458', 'Menos de 20\r\n', b'0', 16, 27, 3, NULL, 0),
	(360, '201323459', NULL, b'0', 16, 27, 20, NULL, 0),
	(361, '201323463', NULL, b'0', 16, 27, 3, NULL, 0),
	(362, '201323464', NULL, b'0', 16, 27, 20, NULL, 0),
	(363, '201323468', NULL, b'0', 16, 27, 3, NULL, 0),
	(364, '201323472', NULL, b'0', 16, 27, 20, NULL, 0),
	(365, '201323473', NULL, b'0', 16, 27, 18, NULL, 0),
	(366, '201323474', NULL, b'0', 16, 27, 3, NULL, 0),
	(367, '201323475', NULL, b'0', 16, 27, 20, NULL, 0),
	(368, '201323477', NULL, b'0', 16, 27, 3, NULL, 0),
	(369, '201323480', NULL, b'0', 16, 27, 3, NULL, 0),
	(370, '201323482', NULL, b'0', 16, 27, 20, NULL, 0),
	(371, '201323483', NULL, b'0', 16, 27, 3, NULL, 0),
	(372, '201323485', NULL, b'0', 16, 27, 3, NULL, 0),
	(373, '201323503', NULL, b'0', 16, 27, 20, NULL, 0),
	(374, '201323504', NULL, b'0', 16, 27, 3, NULL, 0),
	(375, '201323506', NULL, b'0', 16, 27, 18, NULL, 0),
	(376, '201323508', NULL, b'0', 16, 27, 3, NULL, 0),
	(377, '201323513', NULL, b'0', 16, 27, 20, NULL, 0),
	(378, '201323515', NULL, b'0', 16, 27, 3, NULL, 0),
	(379, '201323516', NULL, b'0', 16, 27, 3, NULL, 0),
	(380, '201323517', NULL, b'0', 16, 27, 20, NULL, 0),
	(381, '201323518', NULL, b'0', 16, 27, 20, NULL, 0),
	(382, '201323519', NULL, b'0', 16, 27, 18, NULL, 0),
	(383, '201323520', NULL, b'0', 16, 27, 20, NULL, 0),
	(384, '201323522', NULL, b'0', 16, 27, 23, NULL, 0),
	(385, '201323523', NULL, b'0', 16, 27, 18, NULL, 0),
	(386, '201323524', NULL, b'0', 16, 27, 20, NULL, 0),
	(387, '201323525', NULL, b'0', 16, 27, 23, NULL, 0),
	(388, '201323526', 'Menos de 20', b'0', 16, 27, 18, NULL, 0),
	(389, '201323527', NULL, b'0', 16, 27, 18, NULL, 0),
	(390, '201323530', NULL, b'0', 16, 27, 20, NULL, 0),
	(391, '201323531', NULL, b'0', 16, 27, 23, NULL, 0),
	(392, '201323533', NULL, b'0', 16, 27, 18, NULL, 0),
	(393, '201327620', NULL, b'0', 16, 27, 18, NULL, 0),
	(394, '201327621', NULL, b'0', 16, 27, 20, NULL, 0),
	(395, '201309264', NULL, b'0', 16, 27, 20, NULL, 0),
	(396, '201309285', NULL, b'0', 16, 27, 20, NULL, 0),
	(397, '201323470', NULL, b'0', 16, 27, 18, NULL, 0),
	(398, '201319209', NULL, b'0', 16, 28, 20, NULL, 0),
	(399, '201319226', NULL, b'0', 16, 28, 3, NULL, 0),
	(400, '201319227', NULL, b'0', 16, 28, 20, NULL, 0),
	(401, '201319228', NULL, b'0', 16, 28, 20, NULL, 0),
	(402, '201323800', NULL, b'0', 16, 28, 18, NULL, 0),
	(403, '201323801', NULL, b'0', 16, 28, 3, NULL, 0),
	(404, '201323802', NULL, b'0', 16, 28, 20, NULL, 0),
	(405, '201323803', NULL, b'0', 16, 28, 20, NULL, 0),
	(406, '201323804', NULL, b'0', 16, 28, 3, NULL, 0),
	(407, '201323805', NULL, b'0', 16, 28, 3, NULL, 0),
	(408, '201323806', NULL, b'0', 16, 28, 20, NULL, 0),
	(409, '201323808', NULL, b'0', 16, 28, 3, NULL, 76),
	(410, '201323809', NULL, b'0', 16, 28, 20, NULL, 38),
	(411, '201323810', NULL, b'0', 16, 28, 3, NULL, 60),
	(412, '201323811', NULL, b'0', 16, 28, 20, NULL, 80),
	(413, '201323812', NULL, b'0', 16, 28, 18, NULL, 86),
	(414, '201323813', NULL, b'0', 16, 28, 3, NULL, 100),
	(415, '201323814', NULL, b'0', 16, 28, 21, NULL, 106),
	(416, '201325621', NULL, b'0', 16, 28, 20, NULL, 66),
	(417, '201325623', NULL, b'0', 16, 28, 18, NULL, 66),
	(418, '201327588', NULL, b'0', 16, 28, 18, NULL, 38),
	(419, '201327855', NULL, b'0', 16, 28, 18, NULL, 84),
	(420, '201327890', NULL, b'0', 16, 28, 20, NULL, 80),
	(421, '201327891', NULL, b'0', 16, 28, 21, NULL, 72),
	(422, '201327892', NULL, b'0', 16, 28, 18, NULL, 76),
	(423, '201327893', NULL, b'0', 16, 28, 20, NULL, 72),
	(424, '201327894', NULL, b'0', 16, 28, 21, NULL, 66),
	(425, '201327897', NULL, b'0', 16, 28, 3, NULL, 64),
	(426, '201327898', NULL, b'0', 16, 28, 21, NULL, 76),
	(427, '201327899', NULL, b'0', 16, 28, 18, NULL, 84),
	(428, '201327900', NULL, b'0', 16, 28, 20, NULL, 40),
	(498, '201319289', NULL, b'0', 16, 30, 20, NULL, 80),
	(499, '201319271', NULL, b'0', 16, 30, 3, NULL, 112),
	(500, '201319272', NULL, b'0', 16, 30, 20, NULL, 128),
	(501, '201319273', NULL, b'0', 16, 30, 21, NULL, 108),
	(502, '201319274', NULL, b'0', 16, 30, 21, NULL, 92),
	(503, '201319275', NULL, b'0', 16, 30, 3, NULL, 69),
	(504, '201319276', NULL, b'0', 16, 30, 3, NULL, 86),
	(505, '201319277', NULL, b'0', 16, 30, 20, NULL, 136),
	(506, '201319278', NULL, b'0', 16, 30, 21, NULL, 144),
	(507, '201319279', NULL, b'0', 16, 30, 18, NULL, 130),
	(508, '201319280', NULL, b'0', 16, 30, 21, NULL, 42),
	(509, '201319281', NULL, b'0', 16, 30, 20, NULL, 142),
	(510, '201319282', NULL, b'0', 16, 30, 21, NULL, 70),
	(511, '201319283', NULL, b'0', 16, 30, 3, NULL, 104),
	(512, '201319284', NULL, b'0', 16, 30, 21, NULL, 148),
	(513, '201319285', NULL, b'0', 16, 30, 20, NULL, 86),
	(514, '201319286', NULL, b'0', 16, 30, 3, NULL, 154),
	(515, '201319287', NULL, b'0', 16, 30, 21, NULL, 148),
	(516, '201319288', NULL, b'0', 16, 30, 18, NULL, 150),
	(517, '201319291', NULL, b'0', 16, 30, 20, NULL, 102),
	(518, '201319292', NULL, b'0', 16, 30, 3, NULL, 122),
	(519, '201319293', NULL, b'0', 16, 30, 18, NULL, 90),
	(520, '201319294', NULL, b'0', 16, 30, 21, NULL, 96),
	(521, '201319295', NULL, b'0', 16, 30, 21, NULL, 128),
	(522, '201319296', NULL, b'0', 16, 30, 20, NULL, 148),
	(523, '201319297', NULL, b'0', 16, 30, 21, NULL, 128),
	(524, '201319298', NULL, b'0', 16, 30, 18, NULL, 154),
	(525, '201319299', NULL, b'0', 16, 30, 3, NULL, 108),
	(526, '201319300', NULL, b'0', 16, 30, 20, NULL, 90),
	(527, '201319301', NULL, b'0', 16, 30, 21, NULL, 32),
	(528, '201319302', NULL, b'0', 16, 30, 21, NULL, 126),
	(529, '201319303', NULL, b'0', 16, 30, 20, NULL, 118),
	(530, '201319304', NULL, b'0', 16, 30, 3, NULL, 20),
	(531, '201319305', NULL, b'0', 16, 30, 3, NULL, 106),
	(532, '201319306', NULL, b'0', 16, 30, 20, NULL, 126),
	(533, '201319307', NULL, b'0', 16, 30, 3, NULL, 146),
	(534, '201319308', NULL, b'0', 16, 30, 21, NULL, 80),
	(535, '201319309', NULL, b'0', 16, 30, 21, NULL, 158),
	(536, '201319310', NULL, b'0', 16, 30, 3, NULL, 64),
	(537, '201319311', NULL, b'0', 16, 30, 20, NULL, 104),
	(538, '201319312', NULL, b'0', 16, 30, 3, NULL, 54),
	(539, '201319313', NULL, b'0', 16, 30, 20, NULL, 44),
	(540, '201319314', NULL, b'0', 16, 30, 21, NULL, 118),
	(541, '201319397', NULL, b'0', 16, 30, 3, NULL, 76),
	(542, '201323127', NULL, b'0', 16, 31, 21, NULL, 54),
	(543, '201323131', NULL, b'0', 16, 31, 20, NULL, 24),
	(544, '201323132', NULL, b'0', 16, 31, 3, NULL, 26),
	(545, '201323133', NULL, b'0', 16, 31, 3, NULL, 44),
	(546, '201323135', NULL, b'0', 16, 31, 21, NULL, 40),
	(547, '201323136', NULL, b'0', 16, 31, 20, NULL, 36),
	(548, '201323138', NULL, b'0', 16, 31, 18, NULL, 66),
	(549, '201323142', NULL, b'0', 16, 31, 3, NULL, 66),
	(550, '201323147', NULL, b'0', 16, 31, 21, NULL, 45),
	(551, '201323149', NULL, b'0', 16, 31, 20, NULL, 52),
	(552, '201323150', NULL, b'0', 16, 31, 21, NULL, 44),
	(553, '201323151', NULL, b'0', 16, 31, 21, NULL, 40),
	(554, '201323152', NULL, b'0', 16, 31, 20, NULL, 48),
	(555, '201323153', NULL, b'0', 16, 31, 21, NULL, 52),
	(556, '201323155', NULL, b'0', 16, 31, 3, NULL, 33),
	(557, '201323156', NULL, b'0', 16, 31, 21, NULL, 44),
	(558, '201323158', NULL, b'0', 16, 31, 20, NULL, 36),
	(559, '201323159', NULL, b'0', 16, 31, 3, NULL, 36),
	(560, '201323160', NULL, b'0', 16, 31, 21, NULL, 42),
	(561, '201323165', NULL, b'0', 16, 31, 20, NULL, 60),
	(562, '201323166', NULL, b'0', 16, 31, 3, NULL, 94),
	(563, '201323167', NULL, b'0', 16, 31, 21, NULL, 54),
	(564, '201323169', NULL, b'0', 16, 31, 20, NULL, 40),
	(565, '201327618', NULL, b'0', 16, 31, 21, NULL, 28),
	(566, '201325626', NULL, b'0', 16, 32, 3, NULL, 62),
	(567, '201325627', NULL, b'0', 16, 32, 18, NULL, 88),
	(568, '201327816', NULL, b'0', 16, 32, 21, NULL, 56),
	(569, '201327839', NULL, b'0', 16, 32, 20, NULL, 48),
	(570, '201327840', NULL, b'0', 16, 32, 20, NULL, 58),
	(571, '201327841', NULL, b'0', 16, 32, 21, NULL, 84),
	(572, '201327842', NULL, b'0', 16, 32, 18, NULL, 86),
	(573, '201327846', NULL, b'0', 16, 32, 3, NULL, 132),
	(574, '201327848', NULL, b'0', 16, 32, 21, NULL, 68),
	(575, '201327856', NULL, b'0', 16, 32, 20, NULL, 70),
	(576, '201327857', NULL, b'0', 16, 32, 21, NULL, 82),
	(577, '201327875', NULL, b'0', 16, 32, 18, NULL, 76),
	(578, '201327877', NULL, b'0', 16, 32, 20, NULL, 80),
	(579, '201327880', NULL, b'0', 16, 32, 3, NULL, 94),
	(580, '201327882', NULL, b'0', 16, 32, 21, NULL, 54),
	(581, '201327883', NULL, b'0', 16, 32, 21, NULL, 74),
	(582, '201327885', NULL, b'0', 16, 32, 20, NULL, 52),
	(583, '201327887', NULL, b'0', 16, 32, 21, NULL, 50),
	(584, '201327888', NULL, b'0', 16, 32, 20, NULL, 32),
	(585, '201328193', NULL, b'0', 16, 32, 21, NULL, 127),
	(586, '201328195', NULL, b'0', 16, 32, 20, NULL, 78),
	(587, '201328196', NULL, b'0', 16, 32, 3, NULL, 90),
	(588, '201328197', NULL, b'0', 16, 32, 18, NULL, 100),
	(589, '201328198', NULL, b'0', 16, 32, 20, NULL, 82),
	(590, '201328199', NULL, b'0', 16, 32, 18, NULL, 110),
	(591, '201328200', NULL, b'0', 16, 32, 3, NULL, 112),
	(592, '201307001', NULL, b'0', 14, 33, 21, NULL, 40),
	(593, '201307002', NULL, b'0', 14, 33, 18, NULL, 80),
	(594, '201307003', NULL, b'0', 14, 33, 21, NULL, 74),
	(595, '201307004', NULL, b'0', 14, 33, 20, NULL, 101),
	(596, '201307005', NULL, b'0', 14, 33, 3, NULL, 60),
	(597, '201307006', NULL, b'0', 14, 33, 21, NULL, 120),
	(598, '201307007', NULL, b'0', 14, 33, 18, NULL, 104),
	(599, '201307009', NULL, b'0', 14, 33, 20, NULL, 66),
	(600, '201307010', NULL, b'0', 14, 33, 3, NULL, 62),
	(601, '201307013', NULL, b'0', 14, 33, 21, NULL, 76),
	(602, '201307015', NULL, b'0', 14, 33, 21, NULL, 54),
	(603, '201307018', NULL, b'0', 14, 33, 18, NULL, 56),
	(604, '201307019', NULL, b'0', 14, 33, 3, NULL, 66),
	(605, '201307021', NULL, b'0', 14, 33, 20, NULL, 52),
	(606, '201307022', NULL, b'0', 14, 33, 18, NULL, 46),
	(607, '201307024', NULL, b'0', 14, 33, 21, NULL, 116),
	(608, '201307025', NULL, b'0', 14, 33, 20, NULL, 70),
	(609, '201307026', NULL, b'0', 14, 33, 3, NULL, 52),
	(610, '201307028', NULL, b'0', 14, 33, 20, NULL, 99),
	(611, '201307029', NULL, b'0', 14, 33, 18, NULL, 122),
	(612, '201307030', NULL, b'0', 14, 33, 21, NULL, 98),
	(613, '201307031', NULL, b'0', 14, 33, 3, NULL, 68),
	(614, '201307032', NULL, b'0', 14, 33, 20, NULL, 44),
	(615, '201307033', NULL, b'0', 14, 33, 20, NULL, 70),
	(616, '201307034', NULL, b'0', 14, 33, 21, NULL, 86),
	(617, '201307035', NULL, b'0', 14, 33, 3, NULL, 108),
	(618, '201307036', NULL, b'0', 14, 33, 21, NULL, 92),
	(619, '201307037', NULL, b'0', 14, 33, 20, NULL, 80),
	(620, '201307038', NULL, b'0', 14, 33, 21, NULL, 42),
	(621, '201307040', NULL, b'0', 14, 33, 20, NULL, 71),
	(622, '201307041', NULL, b'0', 14, 33, 21, NULL, 66),
	(623, '201307043', NULL, b'0', 14, 33, 18, NULL, 80),
	(624, '201307044', NULL, b'0', 14, 33, 21, NULL, 82),
	(625, '201308915', NULL, b'0', 14, 33, 3, NULL, 52),
	(626, '201308964', NULL, b'0', 14, 33, 21, NULL, 94),
	(627, '201308967', NULL, b'0', 14, 33, 20, NULL, 36),
	(628, '201308968', NULL, b'0', 14, 33, 21, NULL, 40),
	(629, '201308974', NULL, b'0', 14, 33, 3, NULL, 34),
	(630, '201308977', NULL, b'0', 14, 33, 18, NULL, 64),
	(631, '201308978', NULL, b'0', 14, 33, 21, NULL, 66),
	(632, '201308979', NULL, b'0', 14, 33, 20, NULL, 56),
	(633, '201308980', NULL, b'0', 14, 33, 3, NULL, 40),
	(634, '201308981', NULL, b'0', 14, 33, 18, NULL, 24),
	(635, '201308983', NULL, b'0', 14, 33, 3, NULL, 36),
	(636, '201308984', NULL, b'0', 14, 33, 21, NULL, 36),
	(637, '201308986', NULL, b'0', 14, 33, 18, NULL, 46),
	(638, '201308987', NULL, b'0', 14, 33, 3, NULL, 62),
	(639, '201308988', NULL, b'0', 14, 33, 21, NULL, 64),
	(640, '201308989', NULL, b'0', 14, 33, 20, NULL, 38),
	(641, '201308992', NULL, b'0', 14, 33, 21, NULL, 82),
	(642, '201308994', NULL, b'0', 14, 33, 18, NULL, 66),
	(643, '201308995', NULL, b'0', 14, 33, 3, NULL, 94),
	(644, '201308996', NULL, b'0', 14, 33, 20, NULL, 52),
	(645, '201308997', NULL, b'0', 14, 33, 21, NULL, 62),
	(646, '201308999', NULL, b'0', 14, 33, 18, NULL, 86),
	(647, '201309000', NULL, b'0', 14, 33, 21, NULL, 48),
	(648, '201327462', NULL, b'0', 14, 33, 20, NULL, 84),
	(649, '201327463', NULL, b'0', 14, 33, 21, NULL, 58),
	(650, '201327464', NULL, b'0', 14, 33, 18, NULL, 94),
	(651, '201327465', NULL, b'0', 14, 33, 21, NULL, 40),
	(652, '201327466', NULL, b'0', 14, 33, 3, NULL, 68),
	(653, '201327467', NULL, b'0', 14, 33, 20, NULL, 54),
	(654, '201327570', NULL, b'0', 14, 33, 3, NULL, 38),
	(655, '201327572', NULL, b'0', 14, 33, 21, NULL, 30),
	(656, '201327573', NULL, b'0', 14, 33, 21, NULL, 36),
	(657, '201327574', NULL, b'0', 14, 33, 3, NULL, 32),
	(658, '201327579', NULL, b'0', 14, 33, 21, NULL, 24),
	(659, '201327580', NULL, b'0', 14, 33, 3, NULL, 24),
	(660, '201327581', NULL, b'0', 14, 33, 3, NULL, 24),
	(661, '201327582', NULL, b'0', 14, 33, 3, NULL, 28),
	(662, '201327583', NULL, b'0', 14, 33, 21, NULL, 42),
	(663, '201327584', NULL, b'0', 14, 33, 18, NULL, 22),
	(664, '201327585', NULL, b'0', 14, 33, 20, NULL, 36),
	(665, '201327586', NULL, b'0', 14, 33, 18, NULL, 22),
	(666, '201327592', NULL, b'0', 14, 33, 20, NULL, 22),
	(667, '201327593', NULL, b'0', 14, 33, 21, NULL, 32),
	(668, '201327594', NULL, b'0', 14, 33, 18, NULL, 32),
	(669, '201327595', NULL, b'0', 14, 33, 21, NULL, 32),
	(670, '201307027', NULL, b'0', 14, 33, 3, NULL, 124),
	(671, '201308970', NULL, b'0', 14, 33, 20, NULL, 32),
	(672, '201327459', NULL, b'0', 14, 33, 3, NULL, 70),
	(673, '201302146', NULL, b'0', 14, 34, 3, NULL, 38),
	(674, '201304005', NULL, b'0', 14, 34, 20, NULL, 28),
	(675, '201305967', NULL, b'0', 14, 34, 18, NULL, 46),
	(676, '201305973', NULL, b'0', 14, 34, 21, NULL, 46),
	(677, '201305975', NULL, b'0', 14, 34, 3, NULL, 46),
	(678, '201305976', NULL, b'0', 14, 34, 20, NULL, 36),
	(679, '201305977', NULL, b'0', 14, 34, 18, NULL, 38),
	(680, '201305979', NULL, b'0', 14, 34, 20, NULL, 36),
	(681, '201305980', NULL, b'0', 14, 34, 21, NULL, 42),
	(682, '201305982', NULL, b'0', 14, 34, 3, NULL, 38),
	(683, '201305983', NULL, b'0', 14, 34, 21, NULL, 34),
	(684, '201305985', NULL, b'0', 14, 34, 20, NULL, 24),
	(685, '201305986', NULL, b'0', 14, 34, 18, NULL, 42),
	(686, '201305988', NULL, b'0', 14, 34, 20, NULL, 46),
	(687, '201305990', NULL, b'0', 14, 34, 21, NULL, 40),
	(688, '201305994', NULL, b'0', 14, 34, 18, NULL, 22),
	(689, '201305995', NULL, b'0', 14, 34, 18, NULL, 40),
	(690, '201305996', NULL, b'0', 14, 34, 21, NULL, 34),
	(691, '201305998', NULL, b'0', 14, 34, 20, NULL, 40),
	(692, '201305999', NULL, b'0', 14, 34, 21, NULL, 38),
	(693, '201306283', NULL, b'0', 14, 34, 18, NULL, 30),
	(694, '201307598', NULL, b'0', 14, 34, 20, NULL, 38),
	(695, '201307599', NULL, b'0', 14, 34, 18, NULL, 34),
	(696, '201307600', NULL, b'0', 14, 34, 20, NULL, 38),
	(697, '201315021', NULL, b'0', 14, 34, 18, NULL, 28),
	(698, '201315022', NULL, b'0', 14, 34, 20, NULL, 36),
	(699, '201315023', NULL, b'0', 14, 34, 18, NULL, 32),
	(700, '201316404', NULL, b'0', 14, 34, 18, NULL, 20),
	(701, '201316405', NULL, b'0', 14, 34, 20, NULL, 32),
	(702, '201316407', NULL, b'0', 14, 34, 18, NULL, 40),
	(703, '201316409', NULL, b'0', 14, 34, 18, NULL, 26),
	(704, '201316436', NULL, b'0', 14, 34, 20, NULL, 34),
	(705, '201316439', NULL, b'0', 14, 34, 18, NULL, 50),
	(706, '201316440', NULL, b'0', 14, 34, 20, NULL, 48),
	(707, '201316442', NULL, b'0', 14, 34, 18, NULL, 38),
	(708, '201316446', NULL, b'0', 14, 34, 18, NULL, 32),
	(709, '201316448', NULL, b'0', 14, 34, 18, NULL, 38),
	(710, '201316453', NULL, b'0', 14, 34, 20, NULL, 40),
	(711, '201316454', NULL, b'0', 14, 34, 23, NULL, 50),
	(712, '201316455', NULL, b'0', 14, 34, 18, NULL, 52),
	(713, '201316457', NULL, b'0', 14, 34, 23, NULL, 46),
	(714, '201317600', NULL, b'0', 14, 34, 18, NULL, 44),
	(715, '201318160', NULL, b'0', 14, 34, 20, NULL, 40),
	(716, '201318163', NULL, b'0', 14, 34, 23, NULL, 36),
	(717, '201318164', NULL, b'0', 14, 34, 23, NULL, 38),
	(718, '201318166', NULL, b'0', 14, 34, 20, NULL, 32),
	(719, '201318167', NULL, b'0', 14, 34, 23, NULL, 44),
	(720, '201318169', NULL, b'0', 14, 34, 18, NULL, 66),
	(721, '201318170', NULL, b'0', 14, 34, 3, NULL, 56),
	(722, '201320906', NULL, b'0', 14, 34, 23, NULL, 57),
	(723, '201320907', NULL, b'0', 14, 34, 20, NULL, 50),
	(724, '201320909', NULL, b'0', 14, 34, 18, NULL, 40),
	(725, '201320911', NULL, b'0', 14, 34, 3, NULL, 42),
	(726, '201320913', NULL, b'0', 14, 34, 20, NULL, 34),
	(727, '201320917', NULL, b'0', 14, 34, 18, NULL, 76),
	(728, '201320918', NULL, b'0', 14, 34, 20, NULL, 60),
	(729, '201320921', NULL, b'0', 14, 34, 3, NULL, 56),
	(730, '201320922', NULL, b'0', 14, 34, 23, NULL, 54),
	(731, '201320923', NULL, b'0', 14, 34, 23, NULL, 92),
	(732, '201320924', NULL, b'0', 14, 34, 18, NULL, 64),
	(733, '201320925', NULL, b'0', 14, 34, 20, NULL, 44),
	(734, '201320926', NULL, b'0', 14, 34, 3, NULL, 46),
	(735, '201320927', NULL, b'0', 14, 34, 3, NULL, 56),
	(736, '201320946', NULL, b'0', 14, 34, 23, NULL, 44),
	(737, '201326804', NULL, b'0', 14, 34, 18, NULL, 38),
	(738, '201326806', NULL, b'0', 14, 34, 20, NULL, 28),
	(739, '201326808', NULL, b'0', 14, 34, 23, NULL, 42),
	(740, '201326812', NULL, b'0', 14, 34, 20, NULL, 38),
	(741, '201326813', NULL, b'0', 14, 34, 23, NULL, 38),
	(742, '201326822', NULL, b'0', 14, 34, 3, NULL, 34),
	(743, '201327632', NULL, b'0', 14, 34, 23, NULL, 22),
	(744, '201327633', NULL, b'0', 14, 34, 20, NULL, 20),
	(745, '201327634', NULL, b'0', 14, 34, 23, NULL, 30),
	(746, '201305997', NULL, b'0', 14, 34, 3, NULL, 41),
	(747, '201316444', NULL, b'0', 14, 34, 23, NULL, 50),
	(748, '201320915', NULL, b'0', 14, 34, 18, NULL, 30),
	(749, '201327635', NULL, b'0', 14, 34, 18, NULL, 34),
	(750, '201327636', NULL, b'0', 14, 34, 23, NULL, 32),
	(751, '201327637', NULL, b'0', 14, 34, 20, NULL, 20),
	(752, '201331461', NULL, b'0', 14, 34, 3, NULL, 50),
	(753, '201331462', NULL, b'0', 14, 34, 23, NULL, 50),
	(754, '201331463', NULL, b'0', 14, 34, 18, NULL, 38),
	(755, '201331464', NULL, b'0', 14, 34, 20, NULL, 38),
	(756, '201331465', NULL, b'0', 14, 34, 23, NULL, 44),
	(757, '201331466', NULL, b'0', 14, 34, 18, NULL, 36),
	(758, '201331467', NULL, b'0', 14, 34, 23, NULL, 46),
	(759, '201331468', NULL, b'0', 14, 34, 3, NULL, 54),
	(760, '201331469', NULL, b'0', 14, 34, 23, NULL, 26),
	(761, '201331470', NULL, b'0', 14, 34, 20, NULL, 42),
	(762, '201331496', NULL, b'0', 14, 34, 3, NULL, 30),
	(763, '201331497', NULL, b'0', 14, 34, 23, NULL, 46),
	(764, '201331498', NULL, b'0', 14, 34, 20, NULL, 36),
	(765, '201331500', NULL, b'0', 14, 34, 23, NULL, 34),
	(766, '201360000', NULL, b'0', 14, 34, 3, NULL, 22),
	(767, '201307141', NULL, b'0', 14, 35, 21, NULL, 113),
	(768, '201321871', NULL, b'0', 14, 35, 21, NULL, 68),
	(769, '201307109', NULL, b'0', 14, 35, 3, NULL, 150),
	(770, '201307110', NULL, b'0', 14, 35, 20, NULL, 112),
	(771, '201307111', NULL, b'0', 14, 35, 21, NULL, 108),
	(772, '201307112', NULL, b'0', 14, 35, 21, NULL, 134),
	(773, '201307114', NULL, b'0', 14, 35, 20, NULL, 108),
	(774, '201307115', NULL, b'0', 14, 35, 18, NULL, 134),
	(775, '201307116', NULL, b'0', 14, 35, 21, NULL, 84),
	(776, '201307117', NULL, b'0', 14, 35, 20, NULL, 71),
	(777, '201307124', NULL, b'0', 14, 35, 21, NULL, 50),
	(778, '201307125', NULL, b'0', 14, 35, 21, NULL, 100),
	(779, '201307127', NULL, b'0', 14, 35, 18, NULL, 82),
	(780, '201307128', NULL, b'0', 14, 35, 23, NULL, 76),
	(781, '201307129', NULL, b'0', 14, 35, 3, NULL, 100),
	(782, '201307130', NULL, b'0', 14, 35, 20, NULL, 42),
	(783, '201307131', NULL, b'0', 14, 35, 21, NULL, 46),
	(784, '201307132', NULL, b'0', 14, 35, 21, NULL, 116),
	(785, '201307138', NULL, b'0', 14, 35, 20, NULL, 132),
	(786, '201307140', NULL, b'0', 14, 35, 3, NULL, 140),
	(787, '201307144', NULL, b'0', 14, 35, 18, NULL, 98),
	(788, '201307145', NULL, b'0', 14, 35, 21, NULL, 116),
	(789, '201307146', NULL, b'0', 14, 35, 18, NULL, 152),
	(790, '201307147', NULL, b'0', 14, 35, 23, NULL, 88),
	(791, '201307149', NULL, b'0', 14, 35, 21, NULL, 124),
	(792, '201307150', NULL, b'0', 14, 35, 23, NULL, 120),
	(793, '201319205', NULL, b'0', 14, 35, 3, NULL, 32),
	(794, '201319208', NULL, b'0', 14, 35, 21, NULL, 70),
	(795, '201319239', NULL, b'0', 14, 35, 3, NULL, 174),
	(796, '201319240', NULL, b'0', 14, 35, 23, NULL, 58),
	(797, '201319241', NULL, b'0', 14, 35, 21, NULL, 104),
	(798, '201319242', NULL, b'0', 14, 35, 18, NULL, 70),
	(799, '201319244', NULL, b'0', 14, 35, 21, NULL, 148),
	(801, '201319246', NULL, b'0', 14, 35, 18, NULL, 126),
	(802, '201321867', NULL, b'0', 14, 35, 20, NULL, 103),
	(803, '201321868', NULL, b'0', 14, 35, 21, NULL, 126),
	(804, '201321869', NULL, b'0', 14, 35, 20, NULL, 106),
	(805, '201321870', NULL, b'0', 14, 35, 3, NULL, 164),
	(806, '201321872', NULL, b'0', 14, 35, 20, NULL, 62),
	(807, '201321873', NULL, b'0', 14, 35, 21, NULL, 66),
	(808, '201321880', NULL, b'0', 14, 35, 21, NULL, 98),
	(809, '201321881', NULL, b'0', 14, 35, 20, NULL, 86),
	(810, '201321899', NULL, b'0', 14, 35, 21, NULL, 48),
	(811, '201327559', NULL, b'0', 14, 35, 23, NULL, 36),
	(812, '201327561', NULL, b'0', 14, 35, 23, NULL, 86),
	(813, '201327571', NULL, b'0', 14, 35, 21, NULL, 78),
	(814, '201327575', NULL, b'0', 14, 35, 23, NULL, 26),
	(815, '201328024', NULL, b'0', 14, 35, 23, NULL, 110),
	(816, '201328025', NULL, b'0', 14, 35, 20, NULL, 30),
	(817, '201328026', NULL, b'0', 14, 35, 21, NULL, 72),
	(818, '201328027', NULL, b'0', 14, 35, 3, NULL, 92),
	(819, '201328028', NULL, b'0', 14, 35, 20, NULL, 90),
	(820, '201328030', NULL, b'0', 14, 35, 23, NULL, 108),
	(821, '201328031', NULL, b'0', 14, 35, 21, NULL, 104),
	(822, '201328033', NULL, b'0', 14, 35, 3, NULL, 76),
	(823, '201328034', NULL, b'0', 14, 35, 20, NULL, 126),
	(824, '201328036', NULL, b'0', 14, 35, 21, NULL, 128),
	(825, '201328049', NULL, b'0', 14, 35, 23, NULL, 88),
	(826, '201406931', NULL, b'0', 11, 36, NULL, NULL, 186),
	(827, '201406910', NULL, b'0', 14, 36, 3, NULL, 60),
	(828, '201406911', NULL, b'0', 12, 36, 3, NULL, 117),
	(829, '201406912', NULL, b'0', 12, 36, 23, NULL, 104),
	(830, '201406913', NULL, b'0', 11, 36, NULL, NULL, 182),
	(831, '201406915', NULL, b'0', 11, 36, NULL, NULL, 207),
	(832, '201406916', NULL, b'0', 11, 36, NULL, NULL, 159),
	(833, '201406917', NULL, b'0', 11, 36, NULL, NULL, 201),
	(834, '201406918', NULL, b'0', 11, 36, NULL, NULL, 181),
	(835, '201406919', NULL, b'0', 11, 36, NULL, NULL, 76),
	(836, '201406920', NULL, b'0', 11, 36, NULL, NULL, 174),
	(837, '201406921', NULL, b'0', 11, 36, NULL, NULL, 140),
	(838, '201406922', NULL, b'0', 11, 36, NULL, NULL, 152),
	(839, '201406923', NULL, b'0', 11, 36, NULL, NULL, 163),
	(840, '201406924', NULL, b'0', 11, 36, NULL, NULL, 60),
	(841, '201406925', NULL, b'0', 11, 36, NULL, NULL, 157),
	(842, '201406926', NULL, b'0', 11, 36, NULL, NULL, 112),
	(843, '201406927', NULL, b'0', 11, 36, NULL, NULL, 233),
	(844, '201406929', NULL, b'0', 11, 36, NULL, NULL, 179),
	(845, '201406930', NULL, b'0', 11, 36, NULL, NULL, 156),
	(846, '201406932', NULL, b'0', 11, 36, NULL, NULL, 196),
	(847, '201406933', NULL, b'0', 11, 36, NULL, NULL, 44),
	(848, '201406934', NULL, b'0', 11, 36, NULL, NULL, 45),
	(849, '201406935', NULL, b'0', 11, 36, NULL, NULL, 240),
	(850, '201406937', NULL, b'0', 11, 36, NULL, NULL, 175),
	(851, '201406938', NULL, b'0', 11, 36, NULL, NULL, 211),
	(852, '201406939', NULL, b'0', 11, 36, NULL, NULL, 229),
	(853, '201406940', NULL, b'0', 11, 36, NULL, NULL, 243),
	(854, '201406941', NULL, b'0', 11, 36, NULL, NULL, 241),
	(855, '201406942', NULL, b'0', 11, 36, NULL, NULL, 37),
	(856, '201406943', NULL, b'0', 11, 36, NULL, NULL, 248),
	(857, '201406957', NULL, b'0', 11, 36, NULL, NULL, 48),
	(858, '201406959', NULL, b'0', 11, 36, NULL, NULL, 170),
	(859, '201406960', NULL, b'0', 11, 36, NULL, NULL, 245),
	(860, '201406961', NULL, b'0', 11, 36, NULL, NULL, 230),
	(861, '201406962', NULL, b'0', 11, 36, NULL, NULL, 192),
	(862, '201406964', NULL, b'0', 11, 36, NULL, NULL, 137),
	(863, '201430742', NULL, b'0', 11, 36, NULL, NULL, 40),
	(864, '201430743', NULL, b'0', 11, 36, NULL, NULL, 27),
	(865, '201430744', NULL, b'0', 11, 36, NULL, NULL, 33),
	(866, '201430745', NULL, b'0', 11, 36, NULL, NULL, 43),
	(867, '201409630', NULL, b'0', 14, 37, 20, NULL, 26),
	(868, '201409611', NULL, b'0', 14, 37, 21, NULL, 105),
	(869, '201409612', NULL, b'0', 14, 37, 20, NULL, 86),
	(870, '201409613', NULL, b'0', 14, 37, 3, NULL, 80),
	(871, '201409614', NULL, b'0', 14, 37, 20, NULL, 90),
	(872, '201409616', NULL, b'0', 14, 37, 21, NULL, 90),
	(873, '201409617', NULL, b'0', 14, 37, 3, NULL, 72),
	(874, '201409618', NULL, b'0', 14, 37, 21, NULL, 68),
	(875, '201409619', NULL, b'0', 14, 37, 20, NULL, 47),
	(876, '201409620', NULL, b'0', 14, 37, 3, NULL, 40),
	(877, '201409621', NULL, b'0', 14, 37, 21, NULL, 30),
	(878, '201409622', NULL, b'0', 14, 37, 3, NULL, 46),
	(879, '201409623', NULL, b'0', 14, 37, 21, NULL, 48),
	(880, '201409624', NULL, b'0', 14, 37, 20, NULL, 86),
	(881, '201409625', NULL, b'0', 14, 37, 21, NULL, 84),
	(882, '201409626', NULL, b'0', 14, 37, 3, NULL, 64),
	(883, '201409627', NULL, b'0', 14, 37, 20, NULL, 68),
	(884, '201409628', NULL, b'0', 14, 37, 21, NULL, 38),
	(885, '201409629', NULL, b'0', 14, 37, 3, NULL, 54),
	(886, '201409631', NULL, b'0', 14, 37, 21, NULL, 60),
	(887, '201409632', NULL, b'0', 14, 37, 20, NULL, 36),
	(888, '201409633', NULL, b'0', 14, 37, 20, NULL, 90),
	(889, '201409634', NULL, b'0', 14, 37, 21, NULL, 80),
	(890, '201409635', NULL, b'0', 14, 37, 3, NULL, 124),
	(891, '201409636', NULL, b'0', 14, 37, 20, NULL, 70),
	(892, '201409637', NULL, b'0', 14, 37, 21, NULL, 96),
	(893, '201409638', NULL, b'0', 14, 37, 3, NULL, 74),
	(894, '201409639', NULL, b'0', 14, 37, 23, NULL, 84),
	(895, '201409640', NULL, b'0', 14, 37, 20, NULL, 58),
	(896, '201409641', NULL, b'0', 14, 37, 3, NULL, 86),
	(897, '201409642', NULL, b'0', 14, 37, 21, NULL, 40),
	(898, '201409643', NULL, b'0', 14, 37, 20, NULL, 83),
	(899, '201409645', NULL, b'0', 14, 37, 21, NULL, 82),
	(900, '201409646', NULL, b'0', 14, 37, 3, NULL, 116),
	(901, '201409647', NULL, b'0', 14, 37, 21, NULL, 108),
	(902, '201409648', NULL, b'0', 14, 37, 20, NULL, 52),
	(903, '201409649', NULL, b'0', 14, 37, 3, NULL, 38),
	(904, '201426502', NULL, b'0', 14, 37, 20, NULL, 20),
	(906, '201405894', NULL, b'0', 14, 38, 21, NULL, 112),
	(907, '201405896', NULL, b'0', 14, 38, 23, NULL, 102),
	(908, '201405897', NULL, b'0', 14, 38, 3, 30, 120),
	(909, '201405898', NULL, b'0', 14, 38, 21, 30, 94),
	(910, '201405900', NULL, b'0', 14, 38, 23, 30, 88),
	(911, '201424694', NULL, b'0', 14, 38, 21, 30, 26),
	(912, '201424695', NULL, b'1', 14, 38, 23, 30, 105),
	(913, '201424696', NULL, b'0', 14, 38, 23, 30, 28),
	(914, '201424697', NULL, b'0', 14, 38, 21, 30, 28),
	(915, '201424698', NULL, b'0', 14, 38, 23, 30, 32),
	(916, '201405673', NULL, b'0', 14, 39, 21, NULL, 130),
	(917, '201403163', NULL, b'0', 14, 39, 21, NULL, 94),
	(918, '201403165', NULL, b'0', 14, 39, 20, NULL, 50),
	(919, '201403166', NULL, b'0', 14, 39, 3, NULL, 76),
	(920, '201403167', NULL, b'0', 14, 39, 23, NULL, 108),
	(921, '201403169', NULL, b'0', 14, 39, 21, NULL, 90),
	(922, '201403172', NULL, b'0', 14, 39, 23, NULL, 48),
	(923, '201403177', NULL, b'0', 14, 39, 23, NULL, 36),
	(924, '201403178', NULL, b'0', 14, 39, 23, NULL, 56),
	(925, '201403180', NULL, b'0', 14, 39, 21, NULL, 38),
	(927, '201403184', NULL, b'0', 14, 39, 3, NULL, 40),
	(928, '201405655', NULL, b'0', 14, 39, 23, NULL, 140),
	(929, '201405656', NULL, b'0', 14, 39, 21, NULL, 50),
	(930, '201405665', NULL, b'0', 14, 39, 21, NULL, 112),
	(931, '201405666', NULL, b'0', 14, 39, 20, NULL, 56),
	(932, '201405670', NULL, b'0', 14, 39, 3, NULL, 132),
	(933, '201405672', NULL, b'0', 14, 39, 20, NULL, 34),
	(934, '201405674', NULL, b'0', 14, 39, 18, NULL, 36),
	(935, '201405675', NULL, b'0', 14, 39, 20, NULL, 106),
	(936, '201405677', NULL, b'0', 14, 39, 21, NULL, 50),
	(937, '201405678', NULL, b'0', 14, 39, 3, NULL, 125),
	(938, '201405679', NULL, b'0', 14, 39, 21, NULL, 148),
	(939, '201405680', NULL, b'0', 14, 39, 20, NULL, 109),
	(940, '201405681', NULL, b'0', 14, 39, 21, NULL, 119),
	(941, '201405699', NULL, b'0', 14, 39, 18, NULL, 33),
	(942, '201410736', NULL, b'0', 14, 39, 20, NULL, 23),
	(943, '201410737', NULL, b'0', 14, 39, 18, NULL, 33),
	(944, '201410738', NULL, b'0', 14, 39, 3, NULL, 25),
	(945, '201410740', NULL, b'0', 14, 39, 20, NULL, 23),
	(946, '201410741', NULL, b'0', 14, 39, 18, NULL, 29),
	(947, '201410745', NULL, b'0', 14, 39, 18, NULL, 37),
	(949, '201411367', NULL, b'0', 14, 39, 20, NULL, 25),
	(950, '201408347', NULL, b'0', 14, 41, 3, 27, 184),
	(951, '201408352', NULL, b'0', 14, 41, 21, 26, 46),
	(952, '201408353', NULL, b'0', 14, 41, 21, 28, 148),
	(953, '201408354', NULL, b'0', 14, 41, 20, 30, 110),
	(954, '201408356', NULL, b'0', 14, 41, 23, 26, 132),
	(955, '201408357', NULL, b'0', 14, 41, 20, 29, 108),
	(956, '201408358', NULL, b'0', 14, 41, 23, 28, 114),
	(957, '201408359', NULL, b'0', 14, 41, 21, 31, 82),
	(958, '201408360', NULL, b'0', 14, 41, 21, 30, 88),
	(959, '201408361', NULL, b'0', 14, 41, 23, 27, 66),
	(960, '201408362', NULL, b'0', 14, 41, 3, 29, 168),
	(961, '201408363', NULL, b'0', 14, 41, 20, 28, 91),
	(962, '201408364', NULL, b'0', 14, 41, 23, 31, 128),
	(963, '201408365', NULL, b'0', 14, 41, 21, 26, 146),
	(964, '201408387', NULL, b'0', 14, 41, 20, 30, 108),
	(965, '201410801', NULL, b'0', 14, 41, 20, 27, 162),
	(966, '201410802', NULL, b'0', 14, 41, 3, 32, 224),
	(967, '201400023', NULL, b'0', 11, 42, NULL, 32, 174),
	(968, '201400002', NULL, b'0', 14, 42, 3, 32, 60),
	(969, '201400003', NULL, b'0', 14, 42, 20, 32, 64),
	(970, '201400004', NULL, b'0', 14, 42, 21, 32, 42),
	(971, '201400005', NULL, b'0', 14, 42, 21, 32, 116),
	(972, '201400006', NULL, b'0', 14, 42, 20, 32, 74),
	(973, '201400007', NULL, b'0', 14, 42, 3, 28, 50),
	(974, '201400008', NULL, b'0', 14, 42, 20, 28, 38),
	(975, '201400009', NULL, b'0', 14, 42, 21, 30, 66),
	(976, '201400012', NULL, b'0', 14, 42, 20, 27, 98),
	(977, '201400013', NULL, b'0', 14, 42, 21, 28, 104),
	(978, '201400014', NULL, b'1', 13, 42, 3, 31, 165),
	(979, '201400015', NULL, b'0', 14, 42, 20, 26, 44),
	(980, '201400016', NULL, b'0', 14, 42, 21, 30, 96),
	(981, '201400017', NULL, b'0', 14, 42, 20, 26, 58),
	(982, '201400018', NULL, b'0', 14, 42, 21, 32, 92),
	(983, '201400020', NULL, b'1', 13, 42, 20, 32, 159),
	(984, '201400021', NULL, b'1', 13, 42, 21, 32, 102),
	(985, '201400022', NULL, b'0', 11, 42, NULL, 32, 139),
	(986, '201400024', NULL, b'0', 11, 42, NULL, 32, 149),
	(987, '201400025', NULL, b'0', 11, 42, NULL, 28, 111),
	(988, '201400026', NULL, b'0', 11, 42, NULL, 29, 103),
	(989, '201400028', NULL, b'0', 11, 42, NULL, 26, 118),
	(990, '201400029', NULL, b'0', 11, 42, NULL, 27, 139),
	(991, '201400031', NULL, b'0', 11, 42, NULL, 28, 56),
	(992, '201400032', NULL, b'0', 11, 42, NULL, 31, 205),
	(993, '201400033', NULL, b'0', 11, 42, NULL, 30, 202),
	(994, '201400034', NULL, b'0', 11, 42, NULL, 28, 242),
	(995, '201400035', NULL, b'0', 11, 42, NULL, 26, 102),
	(996, '201400036', NULL, b'0', 11, 42, NULL, 27, 88),
	(997, '201400037', NULL, b'0', 11, 42, NULL, 29, 75),
	(998, '201400038', 'Sérja Gay', b'0', 11, 42, NULL, 32, 111),
	(999, '201400039', NULL, b'0', 11, 42, NULL, 30, 45),
	(1000, '201400040', NULL, b'0', 11, 42, NULL, 27, 170),
	(1001, '201400042', NULL, b'0', 11, 42, NULL, 33, 156),
	(1002, '201400044', NULL, b'0', 11, 42, NULL, 22, 89),
	(1003, '201400045', NULL, b'0', 11, 42, NULL, 26, 177),
	(1004, '201400048', NULL, b'0', 11, 42, NULL, 30, 108),
	(1005, '201400050', NULL, b'0', 11, 42, NULL, 28, 123),
	(1006, '201400051', NULL, b'0', 11, 42, NULL, 29, 51),
	(1007, '201400052', NULL, b'0', 11, 42, NULL, 29, 191),
	(1008, '201400053', NULL, b'0', 11, 42, NULL, 32, 146),
	(1009, '201400054', NULL, b'0', 11, 42, NULL, 30, 122),
	(1010, '201400055', NULL, b'0', 11, 42, NULL, 27, 49),
	(1011, '201400056', NULL, b'0', 11, 42, NULL, 27, 154),
	(1012, '201400057', NULL, b'0', 11, 42, NULL, 28, 104),
	(1013, '201400058', NULL, b'0', 11, 42, NULL, 32, 141),
	(1014, '201400059', NULL, b'0', 11, 42, NULL, 32, 164),
	(1015, '201426595', NULL, b'0', 11, 42, NULL, 26, 32),
	(1016, '201410803', NULL, b'0', 14, 41, 23, 28, 112),
	(1017, '201410805', NULL, b'0', 14, 41, 20, 22, 146),
	(1018, '201410804', NULL, b'0', 14, 41, 21, 33, 152),
	(1019, '201416283', NULL, b'0', 14, 41, 21, 22, 45),
	(1020, '201410806', NULL, b'0', 14, 43, 20, 28, 98),
	(1021, '201410807', NULL, b'0', 14, 43, 18, 30, 89),
	(1022, '201410808', NULL, b'0', 14, 43, 21, 28, 64),
	(1023, '201410809', NULL, b'0', 14, 43, 21, 26, 128),
	(1024, '201410810', NULL, b'0', 14, 43, 20, 32, 173),
	(1025, '201410811', NULL, b'0', 14, 43, 18, 29, 224),
	(1026, '201410812', NULL, b'0', 14, 43, 3, 30, 72),
	(1027, '201410813', NULL, b'0', 14, 43, 3, 27, 34),
	(1028, '201410814', NULL, b'0', 14, 43, 3, 27, 102),
	(1029, '201410815', NULL, b'0', 14, 43, 20, 31, 42),
	(1030, '201410816', NULL, b'0', 14, 43, 21, 28, 146),
	(1031, '201410817', NULL, b'0', 14, 43, 23, 30, 170),
	(1032, '201410818', NULL, b'0', 14, 43, 20, 31, 126),
	(1033, '201410819', NULL, b'0', 14, 43, 21, 32, 32),
	(1034, '201410820', NULL, b'0', 14, 43, 20, 32, 82),
	(1035, '201410821', NULL, b'0', 14, 43, 21, 32, 44),
	(1036, '201414401', NULL, b'0', 14, 43, 3, 27, 24),
	(1037, '201414498', NULL, b'0', 14, 43, 21, 26, 26),
	(1038, '201414500', NULL, b'0', 14, 43, 21, 27, 34),
	(1039, '201416135', NULL, b'0', 14, 44, 3, 26, 28),
	(1040, '201416136', NULL, b'0', 14, 44, 20, 30, 22),
	(1041, '201416139', NULL, b'0', 14, 44, 21, 28, 36),
	(1042, '201416140', NULL, b'0', 14, 44, 20, 30, 40),
	(1043, '201416142', NULL, b'0', 14, 44, 21, 27, 22),
	(1044, '201416201', NULL, b'0', 14, 44, 20, 32, 24),
	(1045, '201416202', NULL, b'0', 14, 44, 3, 28, 34),
	(1046, '201416203', NULL, b'0', 14, 44, 21, 27, 44),
	(1047, '201416263', NULL, b'0', 14, 44, 20, 30, 26),
	(1048, '201416264', NULL, b'0', 14, 44, 20, 26, 26),
	(1049, '201416265', NULL, b'0', 14, 44, 3, 32, 32),
	(1050, '201416266', NULL, b'0', 14, 44, 21, 28, 28),
	(1051, '201416269', NULL, b'0', 14, 44, 20, 29, 38),
	(1052, '201416270', NULL, b'0', 14, 44, 21, 30, 30),
	(1053, '201416271', NULL, b'0', 14, 44, 20, 26, 34),
	(1054, '201416273', NULL, b'0', 14, 44, 21, 28, 30),
	(1055, '201416274', NULL, b'0', 14, 44, 3, 32, 64),
	(1056, '201416275', NULL, b'0', 14, 44, 21, 28, 20),
	(1057, '201416276', NULL, b'0', 14, 44, 20, 30, 50),
	(1058, '201416282', NULL, b'0', 14, 44, 21, 28, 40),
	(1059, '201416284', NULL, b'0', 14, 44, 21, 31, 20),
	(1060, '201416285', NULL, b'0', 14, 44, 21, 27, 20),
	(1061, '201416286', NULL, b'0', 14, 44, 21, 29, 22),
	(1062, '201416287', NULL, b'0', 14, 44, 20, 30, 58),
	(1063, '201416288', NULL, b'0', 14, 44, 21, 27, 26),
	(1064, '201426630', NULL, b'1', 13, 44, 3, 26, 18),
	(1065, '201426631', NULL, b'1', 13, 44, 21, 28, 17),
	(1066, '201426632', NULL, b'0', 14, 44, 20, 31, 30),
	(1067, '201405971', NULL, b'0', 11, 45, NULL, 29, 71),
	(1068, '201416133', NULL, b'0', 11, 45, NULL, 28, 40),
	(1069, '201405938', NULL, b'0', 11, 45, NULL, 26, 74),
	(1070, '201405945', NULL, b'0', 11, 45, NULL, 30, 64),
	(1071, '201405946', NULL, b'0', 11, 45, NULL, 28, 73),
	(1072, '201405948', NULL, b'0', 11, 45, NULL, 29, 83),
	(1073, '201405949', NULL, b'0', 11, 45, NULL, 31, 56),
	(1074, '201405950', NULL, b'0', 11, 45, NULL, 27, 58),
	(1075, '201405951', NULL, b'0', 11, 45, NULL, 28, 46),
	(1076, '201405952', NULL, b'0', 11, 45, NULL, 26, 60),
	(1077, '201405953', NULL, b'0', 11, 45, NULL, 30, 51),
	(1078, '201405954', NULL, b'0', 11, 45, NULL, 28, 46),
	(1079, '201405955', NULL, b'0', 11, 45, NULL, 32, 51),
	(1080, '201405961', NULL, b'0', 11, 45, NULL, 27, 90),
	(1081, '201405962', NULL, b'0', 11, 45, NULL, 30, 58),
	(1082, '201405963', NULL, b'0', 11, 45, NULL, 32, 50),
	(1083, '201405964', NULL, b'0', 11, 45, NULL, 32, 84),
	(1084, '201405967', NULL, b'0', 11, 45, NULL, 32, 90),
	(1085, '201405968', NULL, b'0', 11, 45, NULL, 32, 64),
	(1086, '201405969', NULL, b'0', 11, 45, NULL, 28, 46),
	(1087, '201405970', NULL, b'0', 11, 45, NULL, 30, 63),
	(1088, '201405972', NULL, b'0', 11, 45, NULL, 28, 68),
	(1089, '201405973', NULL, b'0', 11, 45, NULL, 27, 71),
	(1090, '201405974', NULL, b'0', 11, 45, NULL, 26, 56),
	(1091, '201405975', NULL, b'0', 11, 45, NULL, 31, 47),
	(1092, '201405976', NULL, b'0', 11, 45, NULL, 28, 61),
	(1093, '201405977', NULL, b'0', 11, 45, NULL, 30, 53),
	(1094, '201405978', NULL, b'0', 11, 45, NULL, 29, 57),
	(1095, '201405979', NULL, b'0', 11, 45, NULL, 27, 67),
	(1096, '201405980', NULL, b'0', 11, 45, NULL, 28, 67),
	(1097, '201406003', NULL, b'0', 11, 45, NULL, 30, 45),
	(1098, '201416123', NULL, b'0', 11, 45, NULL, 27, 41),
	(1099, '201416125', NULL, b'0', 11, 45, NULL, 26, 39),
	(1100, '201416126', NULL, b'0', 11, 45, NULL, 31, 36),
	(1101, '201416127', NULL, b'0', 11, 45, NULL, 29, 35),
	(1102, '201416128', NULL, b'0', 11, 45, NULL, 27, 27),
	(1103, '201416129', NULL, b'0', 11, 45, NULL, 26, 47),
	(1104, '201416130', NULL, b'0', 11, 45, NULL, 32, 39),
	(1105, '201416131', NULL, b'0', 11, 45, NULL, 32, 44),
	(1107, '201416134', NULL, b'0', 11, 45, NULL, 30, 54),
	(1108, '201416290', NULL, b'0', 11, 45, NULL, 29, 103),
	(1109, '201416291', NULL, b'0', 11, 45, NULL, 27, 25),
	(1110, '201416292', NULL, b'0', 11, 45, NULL, 28, 41),
	(1111, '201416293', NULL, b'0', 11, 45, NULL, 31, 40),
	(1112, '201416294', NULL, b'0', 11, 45, NULL, 27, 49),
	(1113, '201416295', NULL, b'0', 11, 45, NULL, 30, 37),
	(1114, '201416296', NULL, b'0', 11, 45, NULL, 30, 50),
	(1115, '201416297', NULL, b'0', 11, 45, NULL, 28, 30),
	(1116, '201416298', NULL, b'0', 11, 45, NULL, 31, 59),
	(1117, '201416299', NULL, b'0', 11, 45, NULL, 26, 55),
	(1118, '201416300', NULL, b'0', 11, 45, NULL, 27, 56),
	(1119, '201416362', NULL, b'0', 11, 45, NULL, 28, 44),
	(1120, '201416365', NULL, b'0', 11, 45, NULL, 32, 39),
	(1121, '201426217', NULL, b'0', 11, 45, NULL, 30, 43),
	(1122, '201426218', NULL, b'0', 11, 45, NULL, 29, 43),
	(1123, '201426219', NULL, b'0', 11, 45, NULL, 32, 47),
	(1124, '201426220', NULL, b'0', 11, 45, NULL, 28, 48),
	(1125, '201426221', NULL, b'0', 11, 45, NULL, 30, 49),
	(1126, '201426222', NULL, b'0', 11, 45, NULL, 26, 46),
	(1127, '201426223', NULL, b'0', 11, 45, NULL, 27, 67),
	(1128, '201426224', NULL, b'0', 11, 45, NULL, 29, 31),
	(1129, '201426225', NULL, b'0', 11, 45, NULL, 28, 64),
	(1130, '201426226', NULL, b'0', 11, 45, NULL, 31, 31),
	(1131, '201426227', NULL, b'1', 8, 45, NULL, 32, 67),
	(1132, '201426228', NULL, b'0', 11, 45, NULL, 29, 31),
	(1133, '201426229', NULL, b'0', 11, 45, NULL, 28, 48),
	(1134, '201426230', NULL, b'0', 11, 45, NULL, 30, 27),
	(1135, '201426231', NULL, b'0', 11, 45, NULL, 26, 29),
	(1136, '201426232', NULL, b'0', 11, 45, NULL, 27, 37),
	(1137, '201426233', NULL, b'0', 11, 45, NULL, 30, 35),
	(1138, '201426234', NULL, b'1', 8, 45, NULL, 31, 43),
	(1139, '201426235', NULL, b'0', 11, 45, NULL, 28, 18),
	(1140, '201426254', NULL, b'1', 8, 45, NULL, 29, 33),
	(1141, '201404323', NULL, b'1', 8, 46, NULL, 28, 46),
	(1142, '201404324', NULL, b'1', 8, 46, NULL, 30, 31),
	(1143, '201404325', NULL, b'0', 6, 46, NULL, NULL, 51),
	(1144, '201405163', NULL, b'0', 6, 46, NULL, NULL, 30),
	(1145, '201405187', NULL, b'0', 6, 46, NULL, NULL, 36),
	(1146, '201405188', NULL, b'0', 6, 46, NULL, NULL, 43),
	(1147, '201405189', NULL, b'0', 6, 46, NULL, NULL, 43),
	(1148, '201405190', NULL, b'0', 6, 46, NULL, NULL, 61),
	(1149, '201405191', NULL, b'0', 6, 46, NULL, NULL, 46),
	(1150, '201405192', NULL, b'0', 6, 46, NULL, NULL, 37),
	(1151, '201405193', NULL, b'0', 6, 46, NULL, NULL, 31),
	(1152, '201405194', NULL, b'0', 6, 46, NULL, NULL, 25),
	(1153, '201405537', NULL, b'0', 6, 46, NULL, NULL, 65),
	(1154, '201405912', NULL, b'0', 6, 46, NULL, NULL, 75),
	(1155, '201405918', NULL, b'0', 6, 46, NULL, NULL, 50),
	(1156, '201405919', NULL, b'0', 6, 46, NULL, NULL, 70),
	(1157, '201405920', NULL, b'0', 6, 46, NULL, NULL, 54),
	(1158, '201405921', NULL, b'0', 6, 46, NULL, NULL, 30),
	(1159, '201405924', NULL, b'0', 6, 46, NULL, NULL, 60),
	(1160, '201405925', NULL, b'0', 6, 46, NULL, NULL, 53),
	(1161, '201405926', NULL, b'0', 6, 46, NULL, NULL, 88),
	(1162, '201405927', NULL, b'0', 6, 46, NULL, NULL, 22),
	(1163, '201405933', NULL, b'0', 6, 46, NULL, NULL, 62),
	(1164, '201405934', NULL, b'0', 6, 46, NULL, NULL, 57),
	(1165, '201405935', NULL, b'0', 6, 46, NULL, NULL, 58),
	(1166, '201405936', NULL, b'0', 6, 46, NULL, NULL, 68),
	(1167, '201405937', NULL, b'0', 6, 46, NULL, NULL, 66),
	(1168, '201405939', NULL, b'0', 6, 46, NULL, NULL, 45),
	(1169, '201405940', NULL, b'0', 6, 46, NULL, NULL, 48),
	(1170, '201405941', NULL, b'0', 6, 46, NULL, NULL, 82),
	(1171, '201405942', NULL, b'0', 6, 46, NULL, NULL, 54),
	(1172, '201405943', NULL, b'0', 6, 46, NULL, NULL, 79),
	(1173, '201405944', NULL, b'0', 6, 46, NULL, NULL, 92),
	(1174, '201405947', NULL, b'0', 6, 46, NULL, NULL, 89),
	(1175, '201406052', NULL, b'0', 6, 46, NULL, NULL, 58),
	(1176, '201406053', NULL, b'0', 6, 46, NULL, NULL, 39),
	(1177, '201406067', NULL, b'0', 6, 46, NULL, NULL, 30),
	(1178, '201406075', NULL, b'0', 6, 46, NULL, NULL, 50),
	(1179, '201406078', NULL, b'0', 6, 46, NULL, NULL, 75),
	(1180, '201406079', NULL, b'0', 6, 46, NULL, NULL, 50),
	(1181, '201406080', NULL, b'0', 6, 46, NULL, NULL, 61),
	(1182, '201406081', NULL, b'0', 6, 46, NULL, NULL, 71),
	(1183, '201406082', NULL, b'0', 6, 46, NULL, NULL, 46),
	(1184, '201406083', NULL, b'0', 6, 46, NULL, NULL, 56),
	(1185, '201406084', NULL, b'0', 6, 46, NULL, NULL, 45),
	(1186, '201406085', NULL, b'0', 6, 46, NULL, NULL, 39),
	(1187, '201406086', NULL, b'0', 6, 46, NULL, NULL, 62),
	(1188, '201406087', NULL, b'0', 6, 46, NULL, NULL, 48),
	(1189, '201406088', NULL, b'0', 6, 46, NULL, NULL, 68),
	(1190, '201414373', NULL, b'0', 6, 46, NULL, NULL, 38),
	(1191, '201414375', NULL, b'0', 6, 46, NULL, NULL, 36),
	(1192, '201414376', NULL, b'0', 6, 46, NULL, NULL, 46),
	(1193, '201414377', NULL, b'0', 6, 46, NULL, NULL, 42),
	(1194, '201414378', NULL, b'0', 6, 46, NULL, NULL, 33),
	(1195, '201414379', NULL, b'0', 6, 46, NULL, NULL, 33),
	(1196, '201414380', NULL, b'0', 6, 46, NULL, NULL, 36),
	(1197, '201414381', NULL, b'0', 6, 46, NULL, NULL, 31),
	(1198, '201414382', NULL, b'0', 6, 46, NULL, NULL, 41),
	(1199, '201414383', NULL, b'0', 6, 46, NULL, NULL, 35),
	(1200, '201414384', NULL, b'0', 6, 46, NULL, NULL, 44),
	(1201, '201414385', NULL, b'0', 6, 46, NULL, NULL, 34),
	(1202, '201414386', NULL, b'0', 6, 46, NULL, NULL, 32),
	(1203, '201414387', NULL, b'0', 6, 46, NULL, NULL, 35),
	(1204, '201414388', NULL, b'0', 6, 46, NULL, NULL, 31),
	(1205, '201414389', NULL, b'0', 6, 46, NULL, NULL, 37),
	(1206, '201414390', NULL, b'0', 6, 46, NULL, NULL, 49),
	(1207, '201414391', NULL, b'0', 6, 46, NULL, NULL, 40),
	(1208, '201414392', NULL, b'0', 6, 46, NULL, NULL, 11),
	(1209, '201414393', NULL, b'0', 6, 46, NULL, NULL, 39),
	(1210, '201414394', NULL, b'0', 6, 46, NULL, NULL, 33),
	(1211, '201414395', NULL, b'0', 6, 46, NULL, NULL, 41),
	(1212, '201414396', NULL, b'0', 6, 46, NULL, NULL, 30),
	(1213, '201414400', NULL, b'0', 6, 46, NULL, NULL, 41),
	(1214, '201416101', NULL, b'0', 6, 46, NULL, NULL, 47),
	(1215, '201416102', NULL, b'0', 6, 46, NULL, NULL, 38),
	(1216, '201405922', NULL, b'0', 6, 46, NULL, NULL, 48),
	(1217, '201414374', NULL, b'0', 6, 46, NULL, NULL, 33);
/*!40000 ALTER TABLE `album` ENABLE KEYS */;


-- Copiando estrutura para tabela login.cliente
CREATE TABLE IF NOT EXISTS `cliente` (
  `cod` int(11) NOT NULL AUTO_INCREMENT,
  `nome` varchar(255) DEFAULT NULL,
  `obs` varchar(255) DEFAULT NULL,
  PRIMARY KEY (`cod`)
) ENGINE=InnoDB AUTO_INCREMENT=3 DEFAULT CHARSET=latin1;

-- Copiando dados para a tabela login.cliente: ~2 rows (aproximadamente)
/*!40000 ALTER TABLE `cliente` DISABLE KEYS */;
REPLACE INTO `cliente` (`cod`, `nome`, `obs`) VALUES
	(1, 'Sagae', NULL),
	(2, 'Factory', NULL);
/*!40000 ALTER TABLE `cliente` ENABLE KEYS */;


-- Copiando estrutura para tabela login.contrato
CREATE TABLE IF NOT EXISTS `contrato` (
  `cod` int(11) NOT NULL AUTO_INCREMENT,
  `caminho` varchar(255) DEFAULT NULL,
  `cidade` varchar(255) DEFAULT NULL,
  `curso` varchar(255) DEFAULT NULL,
  `dataBackup` datetime DEFAULT NULL,
  `dataEntrada` datetime DEFAULT NULL,
  `dataEntrega` datetime DEFAULT NULL,
  `dataPrazo` datetime DEFAULT NULL,
  `entidade` varchar(255) DEFAULT NULL,
  `ficha` varchar(255) DEFAULT NULL,
  `media` int(11) DEFAULT NULL,
  `numeroContrato` varchar(255) DEFAULT NULL,
  `obs` varchar(255) DEFAULT NULL,
  `status` int(11) DEFAULT NULL,
  `urgencia` int(11) DEFAULT NULL,
  `ficha_id` int(11) DEFAULT NULL,
  `temAlbuns` bit(1) DEFAULT NULL,
  `qtdAlbum` int(11) DEFAULT NULL,
  `ocupado` bit(1) DEFAULT NULL,
  PRIMARY KEY (`cod`),
  KEY `FK_84lgjerx13wfj15j1yvvib9oh` (`ficha_id`),
  CONSTRAINT `FK_84lgjerx13wfj15j1yvvib9oh` FOREIGN KEY (`ficha_id`) REFERENCES `ficha` (`cod`)
) ENGINE=InnoDB AUTO_INCREMENT=47 DEFAULT CHARSET=latin1;

-- Copiando dados para a tabela login.contrato: ~19 rows (aproximadamente)
/*!40000 ALTER TABLE `contrato` DISABLE KEYS */;
REPLACE INTO `contrato` (`cod`, `caminho`, `cidade`, `curso`, `dataBackup`, `dataEntrada`, `dataEntrega`, `dataPrazo`, `entidade`, `ficha`, `media`, `numeroContrato`, `obs`, `status`, `urgencia`, `ficha_id`, `temAlbuns`, `qtdAlbum`, `ocupado`) VALUES
	(26, '\\\\192.168.1.51\\ssd3\\FICHA 25-2014\\03 - 6866 ... - VARIOS CUSROS - ANHANGUERA - UNIARARAS - LEME - ARARAS', '', 'vários Cursos', NULL, NULL, NULL, NULL, 'Anhanguera', NULL, 100, '6866', '', 16, 4, 10, NULL, 119, b'0'),
	(27, '\\\\192.168.1.51\\ssd1\\FICHA 025-2014\\01 - 8015 - VARIOS CURSOS - FATEP - PIRACICABA', 'Piracicaba', 'vários Cursos', NULL, NULL, NULL, NULL, 'Fatep', NULL, 120, '8015', '', 16, 4, 10, NULL, 89, b'0'),
	(28, '\\\\192.168.1.51\\ssd2\\FICHA 025-2014\\08 - 8161 - 8160 - CIENCIAS CONTABEIS - ADMINISTRACAO - DELTA - GOIANIA', 'goiânia', 'ciências contábeis - administração', NULL, NULL, NULL, NULL, 'delta', NULL, 120, '8160-8161', '', 16, 4, 10, NULL, 31, b'0'),
	(30, '\\\\192.168.1.51\\ssd3\\FICHA 25-2014\\07 - 8709 - ARQUITETURA E URBANISMO - PUC - GOIANIA', 'goiânia', 'arquitetura e urbanismo', NULL, '2014-10-06 00:00:00', NULL, NULL, 'puc', NULL, 120, '8709', '', 16, 4, 10, NULL, 44, b'0'),
	(31, '\\\\192.168.1.51\\ssd3\\FICHA 27-2014\\04 - 7790 - DIREITO - FIB - BAURU', 'bauru', 'direito', NULL, '2014-10-06 00:00:00', NULL, '2014-12-10 00:00:00', 'fib', NULL, 90, '7790', '', 16, 4, 12, NULL, 24, b'0'),
	(32, '\\\\192.168.1.51\\ssd2\\FICHA 025-2014\\09 - 9167 - 8523 - 8358 - VARIOS CURSOS - ESTACIO DE SA - UNIVERSO - GOIANIA', 'goiânia', 'vários cursos', NULL, '2014-10-08 00:00:00', NULL, '2014-11-26 00:00:00', 'estácio de sá-universo', NULL, 120, '9167-8523-8358', '', 16, 4, 10, NULL, 26, b'0'),
	(33, '\\\\192.168.1.51\\ssd2\\FICHA 027-2014\\01 - 7247 - 7277 - MED VET - ZOOTEC - FZA - USP- PIRASSUNUNGA', 'pirassununga', 'med. vet. - zootecnia', NULL, '2014-10-08 00:00:00', NULL, '2014-12-10 00:00:00', 'fza/usp', NULL, 120, '7247-7277', '', 16, 4, 12, NULL, 81, b'0'),
	(34, '\\\\192.168.1.51\\ssd1\\FICHA  027-2014\\02 - 7111 (...) - VARIOS CURSOS - VARIAS FACULDADES - VARIAS CIDADES', 'várias cidades', 'vários cursos', NULL, '2014-10-10 00:00:00', NULL, '2014-12-10 00:00:00', 'várias entidades', NULL, 120, '7111-7114-8187-8615-7728-7752', '', 16, 4, 12, NULL, 94, b'0'),
	(35, '\\\\192.168.1.51\\ssd3\\FICHA 25-2014\\05 - 7901 - 8536 - 9029 - VARIOS CURSOS - UFG - UNIP - FAG - GOIANIA\\PRODUCAO', 'Goiânia', 'Vários Cursos', NULL, '2014-10-13 00:00:00', NULL, '2014-11-26 00:00:00', 'UFG-UNIP', NULL, 120, '7901-8536-9029', '', 16, 4, 10, NULL, 60, b'0'),
	(36, '\\\\192.168.1.52\\Armazenamento\\FICHAS SAGAE\\Trabalhado\\FICHA 029-2014\\08 - 7522 - DIREITO - UFMS - TRES LAGOAS\\PRODUCAO', 'belo horizonte', 'medicina', NULL, '2014-10-23 00:00:00', NULL, '2014-10-30 00:00:00', 'unincor', NULL, 220, '7572', '', 16, 6, 13, NULL, 41, b'0'),
	(37, '\\\\192.168.1.51\\Armazenamento\\FICHAS SAGAE\\Trabalhado\\FICHA 029-2014\\08 - 7522 - DIREITO - UFMS - TRES LAGOAS\\PRODUCAO', 'três lagoas', 'direito', NULL, '2014-10-30 00:00:00', NULL, '2014-11-15 00:00:00', 'ufms', NULL, 120, '7522', '25x38', 15, 0, 13, NULL, 39, b'1'),
	(38, '\\\\192.168.1.51\\ssd3\\FICHA 031-2014\\03 - 7694 - ENGENHARIA DE PRODUCAO - UFMS - TRES LAGOAS\\PRODUCAO', 'três lagoas', 'eng. produção', NULL, '2014-10-30 00:00:00', NULL, '2014-11-27 00:00:00', 'ufms', NULL, 80, '7964', '20x30', 16, 4, 14, NULL, 10, b'0'),
	(39, '\\\\192.168.1.51\\ssd2\\FICHA  029-2014\\06 - 7955 - 7956 -  ADM - ARQUITETURA E URBANISMO - PUC - POCOS DE CALDAS\\PRODUCAO', 'poços de caldas', 'adm-arq e urbanismo', NULL, '2014-10-30 00:00:00', NULL, '2014-12-10 00:00:00', 'puc', NULL, 90, '7955-7956', '20x30', 16, 4, 13, NULL, 34, b'0'),
	(41, '\\\\192.168.1.50\\ssd1\\FICHA 031-2014\\01 - 8310 - DIREITO - FACTO - PALMAS', 'palmas', 'direito (parte 1)', NULL, '2014-10-31 00:00:00', NULL, '2014-10-31 00:00:00', 'facto', NULL, 100, '8310-1', '', 16, 4, 14, NULL, 17, b'0'),
	(42, '\\\\192.168.1.52\\ssd3\\FICHA 29-2014\\07 - 7573 - 8313 - BIOQUIMICA -  ENFERMAGEM - UFSJ - DIVINOPOLIS\\PRODUCAO', 'divinópolis', 'bioquímica-enfermagem', NULL, '2014-10-31 00:00:00', NULL, '2014-12-10 00:00:00', 'ufsj', NULL, 90, '7573-8313', '20x30', 13, 0, 13, NULL, 49, b'1'),
	(43, '\\\\192.168.1.52\\ssd2\\FICHA 031-2014\\01 - 8310 - DIREITO - FACTO - PALMAS\\PRODUCAO 2', 'palmas', 'direito (parte 2)', NULL, NULL, NULL, NULL, 'facto', NULL, 100, '8310-2', '', 16, 4, 14, NULL, 19, b'0'),
	(44, '\\\\192.168.1.50\\ssd2\\FICHA 031-2014\\01 - 8310 - DIREITO - FACTO - PALMAS\\PRODUCAO 3', 'palmas', 'direito', NULL, NULL, NULL, NULL, 'facto', NULL, 1000, '8310-3', '', 16, 4, 14, NULL, 28, b'0'),
	(45, '\\\\192.168.1.50\\ssd2\\FICHA 031-2014\\07 - 9320 - VARIOS CURSOS - UNI - ANHANGUERA - GOIANIA\\PRODUCAO 01', 'goiania', 'varios cursos', NULL, NULL, NULL, NULL, 'anhanguera', NULL, 1000, '9320', 'Remover fotos que estiverem sobrando.', 8, 4, 14, NULL, 74, b'0'),
	(46, '\\\\192.168.1.50\\ssd2\\FICHA 031-2014\\07 - 9320 - VARIOS CURSOS - UNI - ANHANGUERA - GOIANIA\\PRODUCAO 02', 'goiania', 'varios cursos (producao 02)', NULL, NULL, NULL, NULL, 'anhanguera', NULL, 80, '9320', '', 8, 0, 14, NULL, 77, b'1');
/*!40000 ALTER TABLE `contrato` ENABLE KEYS */;


-- Copiando estrutura para tabela login.ficha
CREATE TABLE IF NOT EXISTS `ficha` (
  `cod` int(11) NOT NULL AUTO_INCREMENT,
  `ano` varchar(255) DEFAULT NULL,
  `numero` varchar(255) DEFAULT NULL,
  `cli_id` int(11) DEFAULT NULL,
  PRIMARY KEY (`cod`),
  KEY `FK_7h6h0y86ykyu1eouucjrh7ekk` (`cli_id`),
  CONSTRAINT `FK_7h6h0y86ykyu1eouucjrh7ekk` FOREIGN KEY (`cli_id`) REFERENCES `cliente` (`cod`)
) ENGINE=InnoDB AUTO_INCREMENT=16 DEFAULT CHARSET=latin1;

-- Copiando dados para a tabela login.ficha: ~3 rows (aproximadamente)
/*!40000 ALTER TABLE `ficha` DISABLE KEYS */;
REPLACE INTO `ficha` (`cod`, `ano`, `numero`, `cli_id`) VALUES
	(10, '2014', '025', 1),
	(12, '2014', '027', 1),
	(13, '2014', '029', 1),
	(14, '2014', '031', 1),
	(15, '2014', '021', 1);
/*!40000 ALTER TABLE `ficha` ENABLE KEYS */;


-- Copiando estrutura para tabela login.relatorioDao
CREATE TABLE IF NOT EXISTS `relatorio` (
  `cod` int(11) NOT NULL AUTO_INCREMENT,
  `dataFinal` datetime DEFAULT NULL,
  `album` int(11) DEFAULT NULL,
  `func` int(11) DEFAULT NULL,
  `fotos` int(11) NOT NULL DEFAULT '0',
  `dataInicial` datetime DEFAULT NULL,
  `tempoOperacao` bigint(20) DEFAULT NULL,
  PRIMARY KEY (`cod`),
  KEY `FK_trtfdtdem0igrfhwol2ukvjat` (`album`),
  KEY `FK_p32rhhp2dcrpy7x7dlct1afbb` (`func`),
  CONSTRAINT `FK_p32rhhp2dcrpy7x7dlct1afbb` FOREIGN KEY (`func`) REFERENCES `usuario` (`cod`),
  CONSTRAINT `FK_trtfdtdem0igrfhwol2ukvjat` FOREIGN KEY (`album`) REFERENCES `album` (`cod`)
) ENGINE=InnoDB AUTO_INCREMENT=925 DEFAULT CHARSET=latin1;

-- Copiando dados para a tabela login.relatorioDao: ~871 rows (aproximadamente)
/*!40000 ALTER TABLE `relatorio` DISABLE KEYS */;
REPLACE INTO `relatorio` (`cod`, `dataFinal`, `album`, `func`, `fotos`, `dataInicial`, `tempoOperacao`) VALUES
	(10, '2014-09-29 16:44:18', 234, 20, 0, NULL, 0),
	(11, '2014-09-29 16:44:48', 233, 3, 0, NULL, 0),
	(12, '2014-09-29 17:23:27', 235, 18, 0, NULL, 0),
	(13, '2014-09-30 07:17:13', 236, 20, 0, NULL, 0),
	(14, '2014-09-30 08:13:45', 239, 20, 0, NULL, 0),
	(15, '2014-09-30 08:24:50', 237, 3, 0, NULL, 0),
	(16, '2014-09-30 08:45:40', 238, 18, 0, NULL, 0),
	(17, '2014-09-30 08:46:16', 240, 20, 0, NULL, 0),
	(18, '2014-09-30 08:53:23', 241, 3, 0, NULL, 0),
	(19, '2014-09-30 09:03:16', 265, 3, 0, NULL, 0),
	(20, '2014-09-30 09:05:19', 243, 20, 0, NULL, 0),
	(21, '2014-09-30 09:09:11', 242, 18, 0, NULL, 0),
	(22, '2014-09-30 09:10:03', 244, 3, 0, NULL, 0),
	(23, '2014-09-30 09:30:14', 246, 18, 0, NULL, 0),
	(24, '2014-09-30 09:43:46', 248, 18, 0, NULL, 0),
	(25, '2014-09-30 09:44:07', 247, 3, 0, NULL, 0),
	(26, '2014-09-30 09:50:06', 245, 20, 0, NULL, 0),
	(27, '2014-09-30 09:57:59', 249, 18, 0, NULL, 0),
	(28, '2014-09-30 10:23:53', 251, 20, 0, NULL, 0),
	(29, '2014-09-30 10:28:44', 250, 3, 0, NULL, 0),
	(30, '2014-09-30 10:45:31', 252, 18, 0, NULL, 0),
	(31, '2014-09-30 10:53:35', 253, 21, 0, NULL, 0),
	(32, '2014-09-30 11:01:24', 254, 20, 0, NULL, 0),
	(33, '2014-09-30 11:09:01', 256, 18, 0, NULL, 0),
	(34, '2014-09-30 11:15:47', 255, 3, 0, NULL, 0),
	(35, '2014-09-30 11:19:00', 257, 21, 0, NULL, 0),
	(36, '2014-09-30 11:29:44', 260, 3, 0, NULL, 0),
	(37, '2014-09-30 11:30:29', 258, 20, 0, NULL, 0),
	(38, '2014-09-30 11:40:53', 259, 18, 0, NULL, 0),
	(39, '2014-09-30 11:59:37', 261, 21, 0, NULL, 0),
	(40, '2014-09-30 13:45:52', 266, 20, 0, NULL, 0),
	(41, '2014-09-30 14:01:41', 270, 20, 0, NULL, 0),
	(42, '2014-09-30 14:02:28', 262, 3, 0, NULL, 0),
	(43, '2014-09-30 14:05:47', 269, 21, 0, NULL, 0),
	(44, '2014-09-30 14:28:08', 271, 20, 0, NULL, 0),
	(45, '2014-09-30 14:29:11', 273, 21, 0, NULL, 0),
	(46, '2014-09-30 14:32:15', 268, 18, 0, NULL, 0),
	(47, '2014-09-30 14:38:02', 272, 3, 0, NULL, 0),
	(48, '2014-09-30 14:50:29', 275, 21, 0, NULL, 0),
	(49, '2014-09-30 15:03:05', 277, 3, 0, NULL, 0),
	(50, '2014-09-30 15:08:22', 276, 18, 0, NULL, 0),
	(51, '2014-09-30 15:29:33', 274, 20, 0, NULL, 0),
	(52, '2014-09-30 15:29:43', 280, 18, 0, NULL, 0),
	(53, '2014-09-30 15:32:33', 279, 3, 0, NULL, 0),
	(54, '2014-09-30 16:10:37', 282, 18, 0, NULL, 0),
	(55, '2014-09-30 16:28:46', 281, 20, 0, NULL, 0),
	(56, '2014-09-30 16:53:45', 285, 20, 0, NULL, 0),
	(57, '2014-09-30 17:02:32', 283, 3, 0, NULL, 0),
	(58, '2014-10-02 07:14:05', 286, 20, 0, NULL, 0),
	(59, '2014-10-02 07:57:15', 267, 3, 0, NULL, 0),
	(60, '2014-10-02 07:57:33', 287, 20, 0, NULL, 0),
	(61, '2014-10-02 08:15:14', 278, 21, 0, NULL, 0),
	(62, '2014-10-02 08:23:44', 289, 20, 0, NULL, 0),
	(63, '2014-10-02 08:39:52', 288, 3, 0, NULL, 0),
	(64, '2014-10-02 08:46:01', 290, 21, 0, NULL, 0),
	(65, '2014-10-02 08:53:34', 291, 20, 0, NULL, 0),
	(66, '2014-10-02 09:05:48', 293, 21, 0, NULL, 0),
	(67, '2014-10-02 09:10:02', 294, 20, 0, NULL, 0),
	(68, '2014-10-02 09:14:15', 295, 21, 0, NULL, 0),
	(69, '2014-10-02 09:21:29', 292, 3, 0, NULL, 0),
	(70, '2014-10-02 09:24:01', 284, 18, 0, NULL, 0),
	(71, '2014-10-02 09:24:20', 297, 21, 0, NULL, 0),
	(72, '2014-10-02 09:31:39', 296, 20, 0, NULL, 0),
	(73, '2014-10-02 09:34:38', 300, 21, 0, NULL, 0),
	(74, '2014-10-02 09:46:56', 301, 20, 0, NULL, 0),
	(75, '2014-10-02 09:48:25', 298, 3, 0, NULL, 0),
	(76, '2014-10-02 09:51:44', 302, 21, 0, NULL, 0),
	(77, '2014-10-02 10:07:40', 303, 3, 0, NULL, 0),
	(78, '2014-10-02 10:10:27', 304, 21, 0, NULL, 0),
	(79, '2014-10-02 10:19:53', 305, 20, 0, NULL, 0),
	(80, '2014-10-02 10:25:58', 307, 21, 0, NULL, 0),
	(81, '2014-10-02 10:38:26', 308, 20, 0, NULL, 0),
	(82, '2014-10-02 10:47:29', 299, 18, 0, NULL, 0),
	(83, '2014-10-02 10:49:52', 306, 3, 0, NULL, 0),
	(84, '2014-10-02 10:50:21', 309, 21, 0, NULL, 0),
	(85, '2014-10-02 11:03:28', 310, 20, 0, NULL, 0),
	(86, '2014-10-02 11:03:35', 312, 3, 0, NULL, 0),
	(87, '2014-10-02 11:04:12', 313, 21, 0, NULL, 0),
	(88, '2014-10-02 11:13:37', 316, 21, 0, NULL, 0),
	(89, '2014-10-02 11:28:41', 317, 21, 0, NULL, 0),
	(90, '2014-10-02 11:29:40', 314, 3, 0, NULL, 0),
	(91, '2014-10-02 11:37:40', 315, 20, 0, NULL, 0),
	(92, '2014-10-02 11:38:47', 318, 21, 0, NULL, 0),
	(93, '2014-10-02 11:41:49', 311, 18, 0, NULL, 0),
	(94, '2014-10-02 11:45:46', 321, 21, 0, NULL, 0),
	(95, '2014-10-02 11:49:11', 319, 3, 0, NULL, 0),
	(96, '2014-10-02 11:56:48', 323, 21, 0, NULL, 0),
	(97, '2014-10-02 13:55:12', 324, 3, 0, NULL, 0),
	(98, '2014-10-02 13:57:34', 320, 20, 0, NULL, 0),
	(99, '2014-10-02 14:18:56', 395, 20, 0, NULL, 0),
	(100, '2014-10-02 14:23:31', 325, 21, 0, NULL, 0),
	(101, '2014-10-02 14:33:34', 326, 3, 0, NULL, 0),
	(102, '2014-10-02 14:49:57', 328, 21, 0, NULL, 0),
	(103, '2014-10-02 14:55:05', 327, 20, 0, NULL, 0),
	(104, '2014-10-02 15:10:20', 330, 21, 0, NULL, 0),
	(105, '2014-10-02 15:12:15', 329, 3, 0, NULL, 0),
	(106, '2014-10-02 15:14:37', 322, 18, 0, NULL, 0),
	(107, '2014-10-02 15:24:21', 331, 20, 0, NULL, 0),
	(108, '2014-10-02 15:28:23', 332, 21, 0, NULL, 0),
	(109, '2014-10-02 15:40:06', 334, 20, 0, NULL, 0),
	(110, '2014-10-02 15:44:32', 333, 3, 0, NULL, 0),
	(111, '2014-10-02 16:15:47', 336, 3, 0, NULL, 0),
	(112, '2014-10-02 16:29:22', 335, 21, 0, NULL, 0),
	(113, '2014-10-02 16:41:13', 339, 3, 0, NULL, 0),
	(114, '2014-10-02 16:49:00', 337, 20, 0, NULL, 0),
	(115, '2014-10-02 16:58:23', 340, 21, 0, NULL, 0),
	(116, '2014-10-02 17:15:19', 338, 18, 0, NULL, 0),
	(117, '2014-10-03 07:09:02', 343, 21, 0, NULL, 0),
	(118, '2014-10-03 07:15:58', 342, 20, 0, NULL, 0),
	(119, '2014-10-03 07:42:49', 341, 3, 0, NULL, 0),
	(120, '2014-10-03 07:45:48', 345, 21, 0, NULL, 0),
	(121, '2014-10-03 07:54:28', 396, 20, 0, NULL, 0),
	(122, '2014-10-03 08:02:31', 344, 18, 0, NULL, 0),
	(123, '2014-10-03 08:13:37', 349, 18, 0, NULL, 0),
	(124, '2014-10-03 08:25:32', 348, 20, 0, NULL, 0),
	(125, '2014-10-03 08:27:11', 346, 3, 0, NULL, 0),
	(126, '2014-10-03 08:38:27', 350, 18, 0, NULL, 0),
	(127, '2014-10-03 08:57:09', 352, 3, 0, NULL, 0),
	(128, '2014-10-03 09:02:23', 353, 18, 0, NULL, 0),
	(129, '2014-10-03 09:07:01', 347, 21, 0, NULL, 0),
	(130, '2014-10-03 09:12:47', 354, 3, 0, NULL, 0),
	(131, '2014-10-03 09:18:15', 355, 18, 0, NULL, 0),
	(132, '2014-10-03 09:21:39', 351, 20, 0, NULL, 0),
	(133, '2014-10-03 09:43:13', 356, 3, 0, NULL, 0),
	(134, '2014-10-03 09:48:06', 358, 20, 0, NULL, 0),
	(135, '2014-10-03 09:54:48', 359, 3, 0, NULL, 0),
	(136, '2014-10-03 09:59:27', 360, 20, 0, NULL, 0),
	(137, '2014-10-03 10:02:52', 361, 3, 0, NULL, 0),
	(138, '2014-10-03 10:06:30', 357, 18, 0, NULL, 0),
	(139, '2014-10-03 10:15:55', 362, 20, 0, NULL, 0),
	(140, '2014-10-03 10:16:12', 397, 18, 0, NULL, 0),
	(141, '2014-10-03 10:20:59', 365, 18, 0, NULL, 0),
	(142, '2014-10-03 10:31:06', 363, 3, 0, NULL, 0),
	(143, '2014-10-03 10:37:29', 364, 20, 0, NULL, 0),
	(144, '2014-10-03 10:39:06', 366, 3, 0, NULL, 0),
	(145, '2014-10-03 10:48:50', 368, 3, 0, NULL, 0),
	(146, '2014-10-03 10:50:43', 367, 20, 0, NULL, 0),
	(147, '2014-10-03 10:55:47', 369, 3, 0, NULL, 0),
	(148, '2014-10-03 11:01:41', 370, 20, 0, NULL, 0),
	(149, '2014-10-03 11:01:49', 371, 3, 0, NULL, 0),
	(150, '2014-10-03 11:11:22', 372, 3, 0, NULL, 0),
	(151, '2014-10-03 11:17:25', 374, 3, 0, NULL, 0),
	(152, '2014-10-03 11:18:42', 373, 20, 0, NULL, 0),
	(153, '2014-10-03 11:24:33', 376, 3, 0, NULL, 0),
	(154, '2014-10-03 11:29:37', 378, 3, 0, NULL, 0),
	(155, '2014-10-03 11:36:06', 377, 20, 0, NULL, 0),
	(156, '2014-10-03 11:52:05', 379, 3, 0, NULL, 0),
	(157, '2014-10-03 11:54:40', 380, 20, 0, NULL, 0),
	(158, '2014-10-03 11:58:53', 375, 18, 0, NULL, 0),
	(159, '2014-10-03 13:59:25', 381, 20, 0, NULL, 0),
	(160, '2014-10-03 14:06:24', 382, 18, 0, NULL, 0),
	(161, '2014-10-03 14:11:00', 383, 20, 0, NULL, 0),
	(162, '2014-10-03 14:16:44', 384, 23, 0, NULL, 0),
	(163, '2014-10-03 14:19:47', 385, 18, 0, NULL, 0),
	(164, '2014-10-03 14:23:48', 388, 18, 0, NULL, 0),
	(165, '2014-10-03 14:25:10', 386, 20, 0, NULL, 0),
	(166, '2014-10-03 14:27:29', 387, 23, 0, NULL, 0),
	(167, '2014-10-03 14:28:20', 389, 18, 0, NULL, 0),
	(168, '2014-10-03 14:33:33', 392, 18, 0, NULL, 0),
	(169, '2014-10-03 14:35:49', 390, 20, 0, NULL, 0),
	(170, '2014-10-03 14:37:43', 393, 18, 0, NULL, 0),
	(171, '2014-10-03 14:44:36', 391, 23, 0, NULL, 0),
	(172, '2014-10-03 14:47:46', 394, 20, 0, NULL, 0),
	(173, '2014-10-03 15:39:56', 400, 20, 28, NULL, 0),
	(174, '2014-10-03 17:12:07', 398, 20, 100, NULL, 0),
	(175, '2014-10-06 08:15:31', 399, 3, 92, NULL, 0),
	(176, '2014-10-06 08:19:18', 401, 20, 92, NULL, 0),
	(177, '2014-10-06 08:52:47', 404, 20, 72, NULL, 0),
	(178, '2014-10-06 09:10:10', 403, 3, 46, NULL, 0),
	(179, '2014-10-06 09:21:02', 402, 18, 98, NULL, 0),
	(180, '2014-10-06 10:07:16', 406, 3, 68, NULL, 0),
	(181, '2014-10-06 10:08:57', 405, 20, 82, NULL, 0),
	(182, '2014-10-06 10:37:13', 407, 3, 92, NULL, 0),
	(183, '2014-10-06 10:46:50', 408, 20, 90, NULL, 0),
	(184, '2014-10-06 11:22:46', 409, 3, 76, NULL, 0),
	(185, '2014-10-06 11:35:29', 410, 20, 38, NULL, 0),
	(186, '2014-10-06 14:02:35', 411, 3, 60, NULL, 0),
	(187, '2014-10-06 14:17:53', 412, 20, 80, NULL, 0),
	(188, '2014-10-06 14:20:59', 413, 18, 86, NULL, 0),
	(189, '2014-10-06 15:03:10', 417, 18, 66, NULL, 0),
	(190, '2014-10-06 15:14:21', 418, 18, 38, NULL, 0),
	(191, '2014-10-06 15:16:34', 416, 20, 66, NULL, 0),
	(192, '2014-10-06 15:43:38', 415, 21, 106, NULL, 0),
	(193, '2014-10-06 16:28:10', 419, 18, 84, NULL, 0),
	(194, '2014-10-06 16:30:11', 420, 20, 80, NULL, 0),
	(195, '2014-10-06 16:33:39', 421, 21, 72, NULL, 0),
	(196, '2014-10-06 16:48:53', 414, 3, 100, NULL, 0),
	(197, '2014-10-06 17:04:17', 424, 21, 66, NULL, 0),
	(198, '2014-10-06 17:06:06', 422, 18, 76, NULL, 0),
	(199, '2014-10-07 07:12:34', 423, 20, 72, NULL, 0),
	(200, '2014-10-07 07:29:18', 425, 3, 64, NULL, 0),
	(201, '2014-10-07 07:34:20', 428, 20, 40, NULL, 0),
	(202, '2014-10-07 07:34:23', 500, 20, 128, NULL, 0),
	(203, '2014-10-07 07:40:12', 426, 21, 76, NULL, 0),
	(205, '2014-10-07 08:34:15', 501, 21, 108, NULL, 0),
	(206, '2014-10-07 08:48:41', 499, 3, 112, NULL, 0),
	(207, '2014-10-07 08:58:30', 502, 21, 92, NULL, 0),
	(208, '2014-10-07 09:47:02', 427, 18, 84, NULL, 0),
	(209, '2014-10-07 09:54:48', 506, 21, 144, NULL, 0),
	(210, '2014-10-07 09:55:33', 505, 20, 136, NULL, 0),
	(211, '2014-10-07 10:07:09', 508, 21, 42, NULL, 0),
	(212, '2014-10-07 10:13:06', 504, 3, 86, NULL, 0),
	(213, '2014-10-07 10:21:41', 510, 21, 70, NULL, 0),
	(214, '2014-10-07 11:02:12', 509, 20, 142, NULL, 0),
	(215, '2014-10-07 11:17:48', 511, 3, 104, NULL, 0),
	(216, '2014-10-07 11:25:17', 512, 21, 148, NULL, 0),
	(217, '2014-10-07 11:38:25', 513, 20, 86, NULL, 0),
	(218, '2014-10-07 11:40:29', 507, 18, 130, NULL, 0),
	(219, '2014-10-07 14:10:23', 498, 20, 80, NULL, 0),
	(220, '2014-10-07 14:40:43', 514, 3, 154, NULL, 0),
	(221, '2014-10-07 14:42:07', 516, 18, 150, NULL, 0),
	(222, '2014-10-07 14:45:03', 515, 21, 148, NULL, 0),
	(223, '2014-10-07 15:13:15', 520, 21, 96, NULL, 0),
	(224, '2014-10-07 15:23:27', 517, 20, 102, NULL, 0),
	(225, '2014-10-07 16:21:24', 521, 21, 128, NULL, 0),
	(226, '2014-10-07 16:33:52', 519, 18, 90, NULL, 0),
	(227, '2014-10-07 16:38:11', 518, 3, 122, NULL, 0),
	(228, '2014-10-07 16:48:08', 522, 20, 148, NULL, 0),
	(229, '2014-10-07 17:01:56', 523, 21, 128, NULL, 0),
	(230, '2014-10-07 17:10:35', 527, 21, 32, NULL, 0),
	(231, '2014-10-07 17:17:40', 526, 20, 90, NULL, 0),
	(232, '2014-10-08 07:39:42', 525, 3, 108, NULL, 0),
	(233, '2014-10-08 07:46:21', 530, 3, 20, NULL, 0),
	(234, '2014-10-08 08:10:38', 529, 20, 118, NULL, 0),
	(235, '2014-10-08 08:15:12', 531, 3, 106, NULL, 0),
	(236, '2014-10-08 08:19:54', 528, 21, 126, NULL, 0),
	(237, '2014-10-08 08:40:40', 534, 21, 80, NULL, 0),
	(238, '2014-10-08 08:55:03', 533, 3, 146, NULL, 0),
	(239, '2014-10-08 09:07:00', 532, 20, 126, NULL, 0),
	(240, '2014-10-08 09:21:56', 536, 3, 64, NULL, 0),
	(241, '2014-10-08 09:43:24', 537, 20, 104, NULL, 0),
	(242, '2014-10-08 09:44:55', 535, 21, 158, NULL, 0),
	(243, '2014-10-08 09:56:45', 524, 18, 154, '2014-10-08 10:49:20', 0),
	(244, '2014-10-08 10:06:27', 538, 3, 54, '2014-10-08 10:49:19', 0),
	(245, '2014-10-08 10:10:07', 540, 21, 118, '2014-10-08 10:47:18', 0),
	(246, '2014-10-08 10:29:11', 539, 20, 44, '2014-10-08 10:47:15', 0),
	(247, '2014-10-08 10:30:55', 541, 3, 76, '2014-10-08 10:47:12', 0),
	(250, '2014-10-08 10:50:53', 544, 3, 26, '2014-10-08 10:50:50', 3905),
	(251, '2014-10-08 11:05:29', 545, 3, 44, '2014-10-08 10:51:01', 868091),
	(252, '2014-10-08 10:51:21', 542, 21, 54, '2014-10-08 10:51:18', 3128),
	(253, '2014-10-08 11:13:37', 546, 21, 40, '2014-10-08 10:51:25', 1332397),
	(254, '2014-10-08 10:51:36', 543, 20, 24, '2014-10-08 10:51:32', 4155),
	(255, '2014-10-08 11:20:46', 547, 20, 36, '2014-10-08 10:51:39', 1747287),
	(256, '2014-10-08 13:58:35', 548, 18, 66, '2014-10-08 11:05:12', 10403200),
	(257, '2014-10-08 11:58:21', 549, 3, 66, '2014-10-08 11:05:31', 3170545),
	(258, '2014-10-08 11:27:00', 550, 21, 45, '2014-10-08 11:13:41', 799599),
	(259, '2014-10-08 11:48:01', 551, 20, 52, '2014-10-08 11:20:49', 1632804),
	(260, '2014-10-08 11:43:57', 552, 21, 44, '2014-10-08 11:27:04', 1013024),
	(261, '2014-10-08 11:56:50', 553, 21, 40, '2014-10-08 11:44:00', 770035),
	(262, '2014-10-08 13:58:41', 554, 20, 48, '2014-10-08 11:48:04', 7837550),
	(263, '2014-10-08 13:47:02', 555, 21, 52, '2014-10-08 11:56:53', 6609373),
	(264, '2014-10-08 14:05:46', 556, 3, 33, '2014-10-08 11:58:25', 7641884),
	(265, '2014-10-08 14:10:49', 557, 21, 44, '2014-10-08 13:47:08', 1421383),
	(266, '2014-10-08 14:24:59', 558, 20, 36, '2014-10-08 13:59:33', 1526380),
	(267, '2014-10-08 14:28:48', 559, 3, 36, '2014-10-08 14:05:55', 1373326),
	(268, '2014-10-08 14:29:42', 560, 21, 42, '2014-10-08 14:10:53', 1129411),
	(269, '2014-10-08 14:43:47', 561, 20, 60, '2014-10-08 14:25:07', 1120245),
	(270, '2014-10-08 14:52:53', 562, 3, 94, '2014-10-08 14:28:54', 1439388),
	(271, '2014-10-08 14:52:54', 563, 21, 54, '2014-10-08 14:29:46', 1388449),
	(272, '2014-10-08 15:05:34', 564, 20, 40, '2014-10-08 14:43:52', 1302208),
	(273, '2014-10-08 15:03:27', 565, 21, 28, '2014-10-08 14:53:00', 627612),
	(274, '2014-10-08 16:17:29', 566, 3, 62, '2014-10-08 14:53:17', 5052841),
	(275, '2014-10-08 16:12:05', 567, 18, 88, '2014-10-08 14:54:13', 4672571),
	(276, '2014-10-08 15:36:05', 568, 21, 56, '2014-10-08 15:03:32', 1953741),
	(277, '2014-10-08 15:32:28', 569, 20, 48, '2014-10-08 15:05:38', 1610959),
	(278, '2014-10-08 16:35:20', 570, 20, 58, '2014-10-08 15:32:31', 3769497),
	(279, '2014-10-08 16:24:03', 571, 21, 84, '2014-10-08 15:36:09', 2874148),
	(280, '2014-10-08 17:00:18', 572, 18, 86, '2014-10-08 16:12:07', 2891347),
	(281, '2014-10-08 17:18:28', 573, 3, 132, '2014-10-08 16:17:33', 3655013),
	(282, '2014-10-08 16:47:06', 574, 21, 68, '2014-10-08 16:24:06', 1380990),
	(283, '2014-10-08 17:03:32', 575, 20, 70, '2014-10-08 16:35:23', 1689926),
	(284, '2014-10-08 17:21:30', 576, 21, 82, '2014-10-08 16:47:11', 2059487),
	(285, '2014-10-09 08:32:40', 577, 18, 76, '2014-10-08 17:00:25', 5535466),
	(286, '2014-10-09 07:17:08', 578, 20, 80, '2014-10-08 17:03:35', 813321),
	(287, '2014-10-09 08:27:30', 579, 3, 94, '2014-10-08 17:20:45', 4005338),
	(288, '2014-10-09 07:25:00', 580, 21, 54, '2014-10-08 17:21:38', 202190),
	(289, '2014-10-09 07:42:12', 581, 21, 74, '2014-10-09 07:25:05', 1027988),
	(290, '2014-10-09 07:56:04', 582, 20, 52, '2014-10-09 07:30:27', 1537608),
	(291, '2014-10-09 08:02:21', 583, 21, 50, '2014-10-09 07:42:16', 1205073),
	(292, '2014-10-09 08:18:59', 584, 20, 32, '2014-10-09 07:56:17', 1362695),
	(293, '2014-10-09 09:00:32', 585, 21, 127, '2014-10-09 08:02:24', 3488393),
	(294, '2014-10-09 08:53:13', 586, 20, 78, '2014-10-09 08:19:02', 2051744),
	(295, '2014-10-09 09:00:21', 587, 3, 90, '2014-10-09 08:27:33', 1968610),
	(296, '2014-10-09 08:54:07', 588, 18, 100, '2014-10-09 08:32:46', 1281692),
	(297, '2014-10-09 09:49:02', 589, 20, 82, '2014-10-09 08:53:18', 3344566),
	(298, '2014-10-09 09:26:33', 590, 18, 110, '2014-10-09 08:54:10', 1943596),
	(299, '2014-10-09 10:08:07', 591, 3, 112, '2014-10-09 09:00:24', 4063805),
	(300, '2014-10-09 09:28:51', 592, 21, 40, '2014-10-09 09:00:44', 1687819),
	(301, '2014-10-09 10:28:36', 593, 18, 80, '2014-10-09 09:26:37', 3719176),
	(302, '2014-10-09 10:10:05', 594, 21, 74, '2014-10-09 09:28:55', 2470215),
	(303, '2014-10-09 10:41:04', 595, 20, 101, '2014-10-09 09:49:06', 3118330),
	(304, '2014-10-09 10:52:44', 596, 3, 60, '2014-10-09 10:08:13', 2671713),
	(305, '2014-10-09 10:53:10', 597, 21, 120, '2014-10-09 10:10:08', 2582597),
	(306, '2014-10-09 11:22:11', 598, 18, 104, '2014-10-09 10:28:38', 3213835),
	(307, '2014-10-09 11:23:37', 599, 20, 66, '2014-10-09 10:41:08', 2549440),
	(308, '2014-10-09 11:23:05', 600, 3, 62, '2014-10-09 10:52:49', 1816295),
	(309, '2014-10-09 11:20:24', 601, 21, 76, '2014-10-09 10:53:14', 1630844),
	(310, '2014-10-09 11:45:48', 602, 21, 54, '2014-10-09 11:20:28', 1520058),
	(311, '2014-10-09 11:37:24', 603, 18, 56, '2014-10-09 11:22:15', 909086),
	(312, '2014-10-09 13:36:33', 604, 3, 66, '2014-10-09 11:23:08', 8005765),
	(313, '2014-10-09 11:53:29', 605, 20, 52, '2014-10-09 11:25:07', 1702356),
	(314, '2014-10-09 14:35:27', 606, 18, 46, '2014-10-09 11:37:27', 10680286),
	(315, '2014-10-09 14:51:26', 607, 21, 116, '2014-10-09 11:45:51', 11135535),
	(316, '2014-10-09 14:26:57', 608, 20, 70, '2014-10-09 11:53:32', 9205503),
	(317, '2014-10-09 14:19:11', 609, 3, 52, '2014-10-09 13:36:36', 2555692),
	(318, '2014-10-09 15:07:48', 670, 3, 124, '2014-10-09 14:19:18', 2910514),
	(319, '2014-10-09 14:27:02', 610, 20, 99, '2014-10-09 14:27:01', 1230),
	(320, '2014-10-09 16:39:28', 611, 18, 122, '2014-10-09 14:35:55', 7413504),
	(321, '2014-10-09 16:16:14', 612, 21, 98, '2014-10-09 14:51:30', 5084691),
	(322, '2014-10-09 16:22:02', 613, 3, 68, '2014-10-09 15:07:51', 4451853),
	(323, '2014-10-09 16:08:30', 614, 20, 44, '2014-10-09 15:08:22', 3608920),
	(324, '2014-10-09 16:54:04', 615, 20, 70, '2014-10-09 16:08:36', 2728163),
	(325, '2014-10-09 16:52:33', 616, 21, 86, '2014-10-09 16:16:18', 2175790),
	(326, '2014-10-10 07:54:12', 617, 3, 108, '2014-10-09 16:24:08', 5404377),
	(327, '2014-10-09 17:14:43', 618, 21, 92, '2014-10-09 16:52:37', 1326979),
	(328, '2014-10-09 16:54:10', 619, 20, 80, '2014-10-09 16:54:09', 1561),
	(329, '2014-10-10 07:14:24', 620, 21, 42, '2014-10-09 17:14:47', 50377345),
	(330, '2014-10-10 07:53:46', 621, 20, 71, '2014-10-10 07:10:06', 2620231),
	(331, '2014-10-10 07:37:16', 622, 21, 66, '2014-10-10 07:14:27', 1369592),
	(332, '2014-10-10 08:34:09', 623, 18, 80, '2014-10-10 07:29:43', 3866083),
	(333, '2014-10-10 07:58:11', 624, 21, 82, '2014-10-10 07:37:19', 1252808),
	(334, '2014-10-10 08:32:02', 625, 3, 52, '2014-10-10 07:54:14', 2268005),
	(335, '2014-10-10 08:26:05', 626, 21, 94, '2014-10-10 07:58:16', 1669885),
	(336, '2014-10-10 08:28:35', 627, 20, 36, '2014-10-10 08:06:47', 1308678),
	(337, '2014-10-10 08:37:07', 628, 21, 40, '2014-10-10 08:26:08', 659361),
	(338, '2014-10-10 08:51:37', 671, 20, 32, '2014-10-10 08:28:39', 1378394),
	(339, '2014-10-10 08:55:46', 629, 3, 34, '2014-10-10 08:32:04', 1422746),
	(340, '2014-10-10 09:06:44', 630, 18, 64, '2014-10-10 08:34:12', 1952010),
	(341, '2014-10-10 09:09:56', 631, 21, 66, '2014-10-10 08:37:10', 1966640),
	(342, '2014-10-10 09:17:35', 632, 20, 56, '2014-10-10 08:51:41', 1554407),
	(343, '2014-10-10 09:07:32', 633, 3, 40, '2014-10-10 08:55:49', 703807),
	(344, '2014-10-10 09:10:39', 634, 18, 24, '2014-10-10 09:06:46', 233228),
	(345, '2014-10-10 09:15:13', 635, 3, 36, '2014-10-10 09:07:35', 458914),
	(346, '2014-10-10 09:17:47', 636, 21, 36, '2014-10-10 09:09:59', 468404),
	(347, '2014-10-10 09:39:59', 637, 18, 46, '2014-10-10 09:10:41', 1758075),
	(348, '2014-10-10 09:53:18', 638, 3, 62, '2014-10-10 09:15:16', 2282721),
	(349, '2014-10-10 09:36:21', 639, 21, 64, '2014-10-10 09:17:50', 1111547),
	(350, '2014-10-10 09:56:31', 640, 20, 38, '2014-10-10 09:18:03', 2308195),
	(351, '2014-10-10 10:03:30', 641, 21, 82, '2014-10-10 09:36:26', 1624089),
	(352, '2014-10-10 10:12:00', 642, 18, 66, '2014-10-10 09:40:01', 1919773),
	(353, '2014-10-10 10:28:28', 643, 3, 94, '2014-10-10 09:53:21', 2107977),
	(354, '2014-10-10 10:17:42', 644, 20, 52, '2014-10-10 09:56:34', 1268884),
	(355, '2014-10-10 10:27:32', 645, 21, 62, '2014-10-10 10:03:33', 1439099),
	(356, '2014-10-10 10:43:11', 646, 18, 86, '2014-10-10 10:12:02', 1869537),
	(357, '2014-10-10 10:41:27', 647, 21, 48, '2014-10-10 10:27:35', 832594),
	(358, '2014-10-10 11:08:51', 672, 3, 70, '2014-10-10 10:28:32', 2419314),
	(359, '2014-10-10 11:09:06', 648, 20, 84, '2014-10-10 10:29:43', 2363789),
	(360, '2014-10-10 11:03:29', 649, 21, 58, '2014-10-10 10:41:31', 1318593),
	(361, '2014-10-10 11:52:23', 650, 18, 94, '2014-10-10 10:43:13', 4150067),
	(362, '2014-10-10 11:23:31', 651, 21, 40, '2014-10-10 11:03:32', 1199877),
	(363, '2014-10-10 11:22:38', 652, 3, 68, '2014-10-10 11:08:53', 825353),
	(364, '2014-10-10 11:58:08', 653, 20, 54, '2014-10-10 11:09:14', 2934734),
	(365, '2014-10-10 11:36:14', 654, 3, 38, '2014-10-10 11:22:41', 813551),
	(366, '2014-10-10 11:29:46', 655, 21, 30, '2014-10-10 11:23:34', 372732),
	(367, '2014-10-10 11:38:50', 656, 21, 36, '2014-10-10 11:29:50', 540739),
	(368, '2014-10-10 11:42:25', 657, 3, 32, '2014-10-10 11:36:17', 368287),
	(369, '2014-10-10 11:51:46', 658, 21, 24, '2014-10-10 11:38:53', 773937),
	(370, '2014-10-10 11:46:31', 659, 3, 24, '2014-10-10 11:42:37', 234191),
	(371, '2014-10-10 11:51:36', 660, 3, 24, '2014-10-10 11:46:33', 303595),
	(372, '2014-10-10 14:31:24', 661, 3, 28, '2014-10-10 11:51:38', 9586073),
	(373, '2014-10-10 14:11:03', 662, 21, 42, '2014-10-10 11:51:50', 8353349),
	(374, '2014-10-10 12:00:43', 663, 18, 22, '2014-10-10 11:55:40', 303846),
	(375, '2014-10-10 14:05:45', 664, 20, 36, '2014-10-10 11:58:11', 7654217),
	(376, '2014-10-10 14:12:08', 665, 18, 22, '2014-10-10 12:00:46', 7882355),
	(377, '2014-10-10 14:26:22', 666, 20, 22, '2014-10-10 14:06:24', 1198804),
	(378, '2014-10-10 14:26:13', 667, 21, 32, '2014-10-10 14:11:07', 906990),
	(379, '2014-10-10 14:28:03', 668, 18, 32, '2014-10-10 14:12:14', 949658),
	(380, '2014-10-10 14:37:37', 669, 21, 32, '2014-10-10 14:26:17', 680196),
	(381, '2014-10-10 14:59:14', 673, 3, 38, '2014-10-10 14:34:45', 1469734),
	(382, '2014-10-10 15:01:19', 674, 20, 28, '2014-10-10 14:34:47', 1592067),
	(383, '2014-10-10 15:18:14', 675, 18, 46, '2014-10-10 14:35:16', 2578446),
	(384, '2014-10-10 15:26:51', 676, 21, 46, '2014-10-10 14:38:09', 2922169),
	(385, '2014-10-10 15:38:52', 677, 3, 46, '2014-10-10 14:59:18', 2374502),
	(386, '2014-10-10 15:25:21', 678, 20, 36, '2014-10-10 15:01:22', 1439577),
	(387, '2014-10-10 16:07:03', 679, 18, 38, '2014-10-10 15:18:17', 2926225),
	(388, '2014-10-10 15:46:08', 680, 20, 36, '2014-10-10 15:25:24', 1244680),
	(389, '2014-10-10 15:42:33', 681, 21, 42, '2014-10-10 15:26:53', 940227),
	(390, '2014-10-10 16:49:17', 682, 3, 38, '2014-10-10 15:39:06', 4211929),
	(391, '2014-10-10 16:31:13', 683, 21, 34, '2014-10-10 15:42:36', 2917831),
	(392, '2014-10-10 16:21:18', 684, 20, 24, '2014-10-10 16:02:33', 1125563),
	(393, '2014-10-10 16:33:15', 685, 18, 42, '2014-10-10 16:07:05', 1570590),
	(394, '2014-10-10 16:53:42', 686, 20, 46, '2014-10-10 16:21:22', 1940850),
	(395, '2014-10-10 16:43:31', 687, 21, 40, '2014-10-10 16:31:17', 734326),
	(396, '2014-10-10 16:42:50', 688, 18, 22, '2014-10-10 16:33:17', 573001),
	(397, '2014-10-10 16:58:06', 689, 18, 40, '2014-10-10 16:42:51', 915585),
	(398, '2014-10-10 16:54:04', 690, 21, 34, '2014-10-10 16:43:34', 630097),
	(399, '2014-10-13 10:37:57', 746, 3, 41, '2014-10-10 16:49:42', 186495662),
	(400, '2014-10-10 17:16:26', 691, 20, 40, '2014-10-10 16:53:46', 1360486),
	(401, '2014-10-10 17:10:13', 692, 21, 38, '2014-10-10 16:54:10', 963425),
	(402, '2014-10-10 17:23:18', 693, 18, 30, '2014-10-10 16:58:11', 1507609),
	(403, '2014-10-13 07:27:30', 694, 20, 38, '2014-10-10 17:16:29', 173461573),
	(404, '2014-10-13 07:58:06', 695, 18, 34, '2014-10-13 07:24:16', 2030081),
	(405, '2014-10-13 08:13:09', 696, 20, 38, '2014-10-13 07:32:52', 2417607),
	(406, '2014-10-13 08:14:27', 697, 18, 28, '2014-10-13 07:58:08', 979498),
	(407, '2014-10-13 08:26:44', 698, 20, 36, '2014-10-13 08:13:12', 812759),
	(408, '2014-10-13 08:25:05', 699, 18, 32, '2014-10-13 08:14:29', 636823),
	(409, '2014-10-13 08:30:52', 700, 18, 20, '2014-10-13 08:25:07', 345177),
	(410, '2014-10-13 08:48:29', 701, 20, 32, '2014-10-13 08:29:43', 1126910),
	(411, '2014-10-13 08:37:07', 702, 18, 40, '2014-10-13 08:30:54', 373297),
	(412, '2014-10-13 08:50:16', 703, 18, 26, '2014-10-13 08:37:09', 787584),
	(413, '2014-10-13 09:08:33', 704, 20, 34, '2014-10-13 08:48:33', 1200988),
	(414, '2014-10-13 09:18:02', 705, 18, 50, '2014-10-13 08:50:18', 1664004),
	(415, '2014-10-13 09:40:14', 706, 20, 48, '2014-10-13 09:10:06', 1808549),
	(416, '2014-10-13 09:30:45', 707, 18, 38, '2014-10-13 09:18:04', 761473),
	(417, '2014-10-13 09:46:00', 747, 23, 50, '2014-10-13 09:26:25', 1175964),
	(418, '2014-10-13 09:36:06', 708, 18, 32, '2014-10-13 09:30:55', 311320),
	(419, '2014-10-13 09:49:30', 709, 18, 38, '2014-10-13 09:36:08', 802630),
	(420, '2014-10-13 10:11:45', 710, 20, 40, '2014-10-13 09:40:18', 1887094),
	(421, '2014-10-13 09:59:54', 711, 23, 50, '2014-10-13 09:46:16', 818696),
	(422, '2014-10-13 10:05:20', 712, 18, 52, '2014-10-13 09:49:32', 948130),
	(423, '2014-10-13 10:12:56', 713, 23, 46, '2014-10-13 10:00:01', 775792),
	(424, '2014-10-13 10:36:47', 714, 18, 44, '2014-10-13 10:05:21', 1886087),
	(425, '2014-10-13 10:33:40', 715, 20, 40, '2014-10-13 10:11:47', 1313634),
	(426, '2014-10-13 10:22:56', 716, 23, 36, '2014-10-13 10:13:07', 589038),
	(427, '2014-10-13 10:34:56', 717, 23, 38, '2014-10-13 10:23:12', 704248),
	(428, '2014-10-13 10:47:17', 718, 20, 32, '2014-10-13 10:33:44', 813128),
	(429, '2014-10-13 10:44:24', 719, 23, 44, '2014-10-13 10:35:22', 542373),
	(430, '2014-10-13 11:08:15', 720, 18, 66, '2014-10-13 10:36:49', 1886323),
	(431, '2014-10-13 11:49:09', 721, 3, 56, '2014-10-13 10:38:01', 4268286),
	(432, '2014-10-13 11:50:08', 722, 23, 57, '2014-10-13 10:44:29', 3939901),
	(433, '2014-10-13 11:27:16', 723, 20, 50, '2014-10-13 10:47:20', 2396767),
	(434, '2014-10-13 11:31:25', 724, 18, 40, '2014-10-13 11:08:18', 1387443),
	(435, '2014-10-13 11:48:57', 725, 3, 42, '2014-10-13 11:12:46', 2171436),
	(436, '2014-10-13 11:43:28', 726, 20, 34, '2014-10-13 11:27:20', 968680),
	(437, '2014-10-13 11:42:10', 748, 18, 30, '2014-10-13 11:31:27', 643908),
	(438, '2014-10-13 12:01:29', 727, 18, 76, '2014-10-13 11:42:13', 1156010),
	(439, '2014-10-13 14:02:28', 728, 20, 60, '2014-10-13 11:43:32', 8336717),
	(440, NULL, 721, 3, 0, '2014-10-13 11:49:00', 0),
	(441, '2014-10-13 14:07:18', 729, 3, 56, '2014-10-13 11:49:19', 8279471),
	(442, '2014-10-13 13:41:29', 730, 23, 54, '2014-10-13 11:50:19', 6670485),
	(443, '2014-10-13 14:24:43', 731, 23, 92, '2014-10-13 13:41:35', 2588079),
	(444, '2014-10-13 14:25:09', 732, 18, 64, '2014-10-13 13:51:31', 2018271),
	(445, '2014-10-13 14:33:20', 733, 20, 44, '2014-10-13 14:02:33', 1847437),
	(446, '2014-10-13 14:23:32', 734, 3, 46, '2014-10-13 14:07:20', 972130),
	(447, '2014-10-13 14:55:10', 735, 3, 56, '2014-10-13 14:23:37', 1893553),
	(448, '2014-10-13 14:36:49', 736, 23, 44, '2014-10-13 14:24:51', 718727),
	(449, '2014-10-13 15:15:35', 737, 18, 38, '2014-10-13 14:26:29', 2946263),
	(450, '2014-10-13 14:43:39', 738, 20, 28, '2014-10-13 14:33:23', 616203),
	(451, '2014-10-13 14:48:49', 739, 23, 42, '2014-10-13 14:36:55', 714128),
	(452, '2014-10-13 15:00:18', 740, 20, 38, '2014-10-13 14:43:42', 996404),
	(453, '2014-10-13 14:59:15', 741, 23, 38, '2014-10-13 14:48:55', 620271),
	(454, '2014-10-13 15:24:58', 742, 3, 34, '2014-10-13 14:55:12', 1786884),
	(455, '2014-10-13 15:12:29', 743, 23, 22, '2014-10-13 14:59:19', 790357),
	(456, '2014-10-13 15:24:17', 744, 20, 20, '2014-10-13 15:00:21', 1436247),
	(457, '2014-10-13 15:22:59', 745, 23, 30, '2014-10-13 15:12:42', 617703),
	(458, '2014-10-13 15:27:58', 749, 18, 34, '2014-10-13 15:15:38', 740703),
	(459, '2014-10-13 15:27:34', 750, 23, 32, '2014-10-13 15:23:05', 269470),
	(460, '2014-10-13 15:35:57', 751, 20, 20, '2014-10-13 15:24:24', 693787),
	(461, '2014-10-13 16:11:14', 752, 3, 50, '2014-10-13 15:25:35', 2739217),
	(462, '2014-10-13 15:39:50', 753, 23, 50, '2014-10-13 15:27:38', 732925),
	(463, '2014-10-13 15:44:34', 754, 18, 38, '2014-10-13 15:28:01', 993704),
	(464, '2014-10-13 16:21:54', 755, 20, 38, '2014-10-13 15:36:01', 2753377),
	(465, '2014-10-13 16:03:03', 756, 23, 44, '2014-10-13 15:39:56', 1387549),
	(466, '2014-10-13 16:42:14', 757, 18, 36, '2014-10-13 15:44:36', 3458861),
	(467, '2014-10-13 16:16:11', 758, 23, 46, '2014-10-13 16:03:06', 785472),
	(468, '2014-10-13 16:32:40', 759, 3, 54, '2014-10-13 16:11:17', 1283991),
	(469, '2014-10-13 16:33:44', 760, 23, 26, '2014-10-13 16:19:12', 872666),
	(470, '2014-10-13 16:41:41', 761, 20, 42, '2014-10-13 16:21:58', 1183655),
	(471, '2014-10-13 16:53:58', 762, 3, 30, '2014-10-13 16:32:44', 1274812),
	(472, '2014-10-13 16:46:25', 763, 23, 46, '2014-10-13 16:33:51', 754876),
	(473, '2014-10-13 17:07:11', 764, 20, 36, '2014-10-13 16:41:44', 1527375),
	(474, '2014-10-13 16:59:04', 765, 23, 34, '2014-10-13 16:46:30', 754540),
	(475, '2014-10-13 17:02:41', 766, 3, 22, '2014-10-13 16:54:01', 520506),
	(476, '2014-10-14 09:56:59', 769, 3, 150, '2014-10-13 17:03:45', 10394964),
	(477, '2014-10-14 08:38:04', 770, 20, 112, '2014-10-13 17:07:14', 5450929),
	(478, '2014-10-14 08:14:35', 771, 21, 108, '2014-10-14 07:26:21', 2894195),
	(479, NULL, 772, 18, 0, '2014-10-14 08:11:13', 0),
	(480, '2014-10-14 09:13:44', 772, 21, 134, '2014-10-14 08:14:38', 3546717),
	(481, '2014-10-14 09:26:55', 773, 20, 108, '2014-10-14 08:38:08', 2927611),
	(482, '2014-10-14 09:51:12', 774, 18, 134, '2014-10-14 08:39:56', 4276971),
	(483, '2014-10-14 09:37:56', 775, 21, 84, '2014-10-14 09:13:47', 1449254),
	(484, '2014-10-14 10:07:51', 776, 20, 71, '2014-10-14 09:26:59', 2452243),
	(485, '2014-10-14 09:48:45', 777, 21, 50, '2014-10-14 09:37:59', 646960),
	(486, '2014-10-14 10:10:33', 778, 21, 100, '2014-10-14 09:48:49', 1304825),
	(487, '2014-10-14 11:02:24', 779, 18, 82, '2014-10-14 09:51:16', 4268452),
	(488, '2014-10-14 11:06:03', 780, 23, 76, '2014-10-14 09:53:15', 4368726),
	(489, '2014-10-14 10:50:42', 781, 3, 100, '2014-10-14 09:57:03', 3219261),
	(490, '2014-10-14 10:29:43', 782, 20, 42, '2014-10-14 10:07:56', 1307028),
	(491, '2014-10-14 10:25:37', 783, 21, 46, '2014-10-14 10:10:37', 900289),
	(492, '2014-10-14 10:55:10', 784, 21, 116, '2014-10-14 10:25:40', 1770665),
	(493, '2014-10-14 11:55:51', 785, 20, 132, '2014-10-14 10:29:46', 5165539),
	(494, '2014-10-14 14:56:51', 786, 3, 140, '2014-10-14 10:50:45', 14766135),
	(495, '2014-10-14 11:53:47', 767, 21, 113, '2014-10-14 10:55:15', 3512846),
	(496, '2014-10-14 12:00:18', 787, 18, 98, '2014-10-14 11:02:28', 3470876),
	(497, '2014-10-14 14:32:51', 788, 21, 116, '2014-10-14 11:53:51', 9540817),
	(498, '2014-10-14 16:35:32', 789, 18, 152, '2014-10-14 12:02:43', 16369802),
	(499, '2014-10-14 14:45:49', 790, 23, 88, '2014-10-14 14:03:38', 2531539),
	(500, '2014-10-14 15:24:57', 791, 21, 124, '2014-10-14 14:32:54', 3123558),
	(501, '2014-10-14 15:50:13', 792, 23, 120, '2014-10-14 14:45:53', 3860347),
	(502, '2014-10-14 15:29:45', 793, 3, 32, '2014-10-14 14:56:53', 1972893),
	(503, '2014-10-14 16:16:51', 794, 21, 70, '2014-10-14 15:25:01', 3110552),
	(504, '2014-10-15 08:23:14', 795, 3, 174, '2014-10-14 15:29:48', 10406584),
	(505, '2014-10-14 16:13:43', 796, 23, 58, '2014-10-14 15:50:20', 1403353),
	(506, '2014-10-14 16:56:23', 797, 21, 104, '2014-10-14 16:16:54', 2369001),
	(507, '2014-10-14 17:23:54', 798, 18, 70, '2014-10-14 16:35:38', 2896854),
	(508, '2014-10-15 07:51:45', 799, 21, 148, '2014-10-14 16:56:27', 3318615),
	(509, '2014-10-15 07:55:14', 802, 20, 103, '2014-10-15 07:15:00', 2414282),
	(510, '2014-10-15 08:29:53', 803, 21, 126, '2014-10-15 07:51:49', 2284853),
	(511, '2014-10-15 08:39:29', 804, 20, 106, '2014-10-15 08:01:41', 2268653),
	(513, '2014-10-15 10:21:45', 805, 3, 164, '2014-10-15 08:24:34', 7031594),
	(514, '2014-10-15 08:52:29', 768, 21, 68, '2014-10-15 08:29:56', 1353003),
	(515, '2014-10-15 09:23:07', 806, 20, 62, '2014-10-15 08:45:04', 2283693),
	(516, '2014-10-15 09:08:03', 807, 21, 66, '2014-10-15 08:52:32', 931324),
	(517, '2014-10-15 09:32:25', 808, 21, 98, '2014-10-15 09:08:07', 1458880),
	(518, '2014-10-15 10:12:33', 809, 20, 86, '2014-10-15 09:23:12', 2961412),
	(519, '2014-10-15 09:53:04', 810, 21, 48, '2014-10-15 09:32:30', 1234123),
	(520, '2014-10-15 09:47:35', 811, 23, 36, '2014-10-15 09:36:42', 653163),
	(521, '2014-10-15 10:05:18', 812, 23, 86, '2014-10-15 09:47:41', 1057357),
	(522, '2014-10-15 10:17:41', 813, 21, 78, '2014-10-15 09:53:07', 1474764),
	(523, '2014-10-15 10:12:20', 814, 23, 26, '2014-10-15 10:05:21', 419215),
	(524, '2014-10-15 11:01:04', 815, 23, 110, '2014-10-15 10:12:23', 2921266),
	(525, '2014-10-15 10:31:27', 816, 20, 30, '2014-10-15 10:12:36', 1131181),
	(526, '2014-10-15 11:02:46', 817, 21, 72, '2014-10-15 10:17:45', 2701119),
	(527, '2014-10-15 11:06:39', 818, 3, 92, '2014-10-15 10:21:48', 2691091),
	(528, '2014-10-15 10:26:50', 801, 18, 126, '2014-10-15 10:26:48', 2045),
	(529, '2014-10-15 11:16:30', 819, 20, 90, '2014-10-15 10:31:31', 2699413),
	(530, '2014-10-15 11:41:06', 820, 23, 108, '2014-10-15 11:01:08', 2398963),
	(531, '2014-10-15 11:42:41', 821, 21, 104, '2014-10-15 11:02:49', 2392062),
	(532, '2014-10-15 14:45:12', 822, 3, 76, '2014-10-15 11:06:41', 13111239),
	(533, '2014-10-15 13:59:52', 823, 20, 126, '2014-10-15 11:16:33', 9799096),
	(535, '2014-10-15 15:01:36', 824, 21, 128, '2014-10-15 11:43:57', 11859387),
	(536, '2014-10-15 14:32:52', 825, 23, 88, '2014-10-15 13:47:31', 2721295),
	(537, '2014-10-27 08:20:08', 827, 3, 60, '2014-10-23 14:11:44', 274104740),
	(538, '2014-10-01 14:46:19', 828, 18, 0, '2014-10-23 14:11:51', 0),
	(539, '2014-10-01 00:00:00', 827, 18, 0, '2014-10-24 14:05:26', 0),
	(540, NULL, 827, 3, 0, '2014-10-24 15:39:47', 0),
	(541, NULL, 828, 3, 0, '2014-10-27 08:20:28', 0),
	(542, NULL, 829, 23, 0, '2014-10-27 15:17:05', 0),
	(543, '2014-10-31 10:22:46', 906, 21, 112, '2014-10-31 09:15:11', 4055238),
	(544, '2014-10-31 10:33:59', 907, 23, 102, '2014-10-31 09:17:35', 4584363),
	(548, '2014-10-31 11:42:44', 908, 3, 120, '2014-10-31 09:35:19', 7645522),
	(549, NULL, 908, 3, 0, '2014-10-31 09:41:36', 0),
	(550, NULL, 908, 3, 0, '2014-10-31 09:44:27', 0),
	(551, NULL, 908, 3, 0, '2014-10-31 09:45:20', 0),
	(552, NULL, 908, 3, 0, '2014-10-31 09:47:45', 0),
	(553, NULL, 909, 18, 0, '2014-10-31 09:49:43', 0),
	(554, '2014-10-31 11:13:12', 909, 21, 94, '2014-10-31 10:22:59', 3013997),
	(555, '2014-10-31 11:15:19', 910, 23, 88, '2014-10-31 10:34:04', 2475092),
	(563, '2014-10-31 11:22:20', 911, 21, 26, '2014-10-31 11:13:20', 540635),
	(564, '2014-10-31 11:26:40', 913, 23, 28, '2014-10-31 11:15:39', 661125),
	(565, '2014-10-31 15:18:31', 959, 27, 83, '2014-10-31 11:21:09', 14242743),
	(566, '2014-10-31 11:27:38', 914, 21, 28, '2014-10-31 11:22:25', 313688),
	(567, '2014-10-31 11:34:27', 915, 23, 32, '2014-10-31 11:26:46', 461380),
	(568, '2014-10-31 15:05:03', 917, 21, 94, '2014-10-31 11:32:47', 12736961),
	(569, NULL, 918, 18, 0, '2014-10-31 11:37:23', 0),
	(570, NULL, 918, 18, 0, '2014-10-31 11:39:13', 0),
	(571, '2014-10-31 16:30:30', 919, 3, 76, '2014-10-31 11:42:51', 17259417),
	(572, NULL, 918, 18, 0, '2014-10-31 11:50:08', 0),
	(573, NULL, 918, 18, 0, '2014-10-31 11:53:35', 0),
	(574, '2014-11-03 10:07:54', 960, 29, 304, '2014-10-31 11:55:34', 202340602),
	(575, '2014-10-31 16:54:14', 961, 28, 132, '2014-10-31 13:36:07', 11887682),
	(576, NULL, 918, 18, 0, '2014-10-31 13:53:01', 0),
	(577, '2014-11-03 11:02:59', 962, 31, 244, '2014-10-31 14:14:01', 197338967),
	(578, '2014-10-31 15:43:07', 920, 23, 108, '2014-10-31 14:29:19', 4428327),
	(579, '2014-11-03 09:46:20', 963, 26, 236, '2014-10-31 14:32:15', 191645386),
	(580, '2014-11-01 09:29:44', 964, 30, 172, '2014-10-31 15:01:01', 16123136),
	(581, '2014-10-31 16:25:24', 921, 21, 90, '2014-10-31 15:05:09', 4815236),
	(582, '2014-11-03 10:24:31', 965, 27, 338, '2014-10-31 15:18:39', 191152136),
	(583, '2014-11-03 09:50:34', 966, 32, 443, '2014-10-31 15:40:37', 187797652),
	(584, '2014-10-31 15:57:24', 922, 23, 48, '2014-10-31 15:43:15', 849635),
	(585, '2014-10-31 16:06:32', 923, 23, 36, '2014-10-31 15:57:30', 542260),
	(586, '2014-10-31 16:45:38', 924, 23, 56, '2014-10-31 16:06:37', 2341977),
	(587, '2014-10-31 16:48:29', 925, 21, 38, '2014-10-31 16:25:34', 1375142),
	(589, '2014-10-31 17:23:16', 927, 3, 40, '2014-10-31 16:33:46', 2970921),
	(590, '2014-11-03 10:06:04', 928, 23, 140, '2014-10-31 16:46:43', 184761340),
	(591, '2014-10-31 17:17:42', 929, 21, 50, '2014-10-31 16:48:34', 1748114),
	(592, '2014-10-31 16:58:49', 977, 28, 157, '2014-10-31 16:55:42', 187694),
	(593, NULL, 977, 28, 0, '2014-10-31 16:57:42', 0),
	(594, NULL, 977, 28, 0, '2014-10-31 16:58:02', 0),
	(595, NULL, 977, 28, 0, '2014-10-31 16:58:40', 0),
	(596, NULL, 978, 28, 0, '2014-10-31 16:58:53', 0),
	(597, '2014-11-03 08:24:02', 930, 21, 112, '2014-10-31 17:17:48', 176774440),
	(598, NULL, 985, 22, 0, '2014-11-01 09:22:50', 0),
	(599, '2014-11-03 11:44:46', 1017, 22, 252, '2014-11-01 09:25:53', 130733226),
	(600, '2014-11-01 10:56:49', 985, 30, 139, '2014-11-01 09:31:23', 5126859),
	(601, NULL, 967, 28, 0, '2014-11-01 10:02:20', 0),
	(602, '2014-11-03 09:30:02', 1020, 28, 158, '2014-11-01 10:05:02', 120300806),
	(603, '2014-11-03 10:09:16', 1021, 30, 121, '2014-11-03 07:06:54', 10942190),
	(604, '2014-11-03 07:49:31', 918, 20, 50, '2014-11-03 07:14:51', 2080511),
	(605, '2014-11-03 08:16:14', 931, 20, 56, '2014-11-03 07:49:36', 1598608),
	(606, '2014-11-03 09:18:41', 932, 3, 132, '2014-11-03 07:50:01', 5320316),
	(607, '2014-11-03 08:46:49', 933, 20, 34, '2014-11-03 08:16:29', 1820945),
	(608, '2014-11-03 09:02:40', 916, 21, 130, '2014-11-03 08:24:07', 2313240),
	(609, '2014-11-03 10:18:20', 934, 18, 36, '2014-11-03 08:41:38', 5802852),
	(610, '2014-11-03 09:30:44', 935, 20, 106, '2014-11-03 08:46:55', 2629692),
	(611, '2014-11-03 09:19:31', 936, 21, 50, '2014-11-03 09:02:46', 1005720),
	(612, '2014-11-03 10:48:31', 937, 3, 125, '2014-11-03 09:18:46', 5385525),
	(613, '2014-11-03 10:21:57', 938, 21, 148, '2014-11-03 09:19:36', 3741740),
	(614, '2014-11-03 11:09:30', 1022, 28, 102, '2014-11-03 09:30:10', 5960125),
	(615, '2014-11-03 10:27:15', 939, 20, 109, '2014-11-03 09:32:47', 3268234),
	(616, '2014-11-03 16:34:10', 1023, 26, 177, '2014-11-03 09:47:06', 24424057),
	(617, '2014-11-03 14:21:51', 1024, 32, 173, '2014-11-03 09:50:41', 16270510),
	(618, '2014-11-04 09:25:48', 1025, 29, 224, '2014-11-03 10:07:59', 33469769),
	(619, '2014-11-03 11:27:52', 1026, 30, 75, '2014-11-03 10:09:22', 4710671),
	(620, '2014-11-03 11:09:24', 940, 21, 119, '2014-11-03 10:22:02', 2842696),
	(621, '2014-11-03 10:45:57', 941, 18, 33, '2014-11-03 10:23:44', 1333817),
	(622, '2014-11-03 10:57:45', 1027, 27, 50, '2014-11-03 10:24:39', 1986484),
	(623, '2014-11-03 10:46:56', 942, 20, 23, '2014-11-03 10:27:20', 1176816),
	(624, '2014-11-03 10:51:04', 943, 18, 33, '2014-11-03 10:46:08', 296936),
	(625, '2014-11-03 10:55:52', 944, 3, 25, '2014-11-03 10:48:59', 413555),
	(626, '2014-11-03 10:57:10', 945, 20, 23, '2014-11-03 10:49:35', 455446),
	(627, '2014-11-03 10:53:41', 946, 18, 29, '2014-11-03 10:51:08', 153358),
	(628, '2014-11-03 14:11:42', 947, 18, 37, '2014-11-03 10:53:45', 11877060),
	(630, '2014-11-03 11:10:08', 949, 20, 25, '2014-11-03 10:57:15', 773361),
	(631, '2014-11-03 16:29:53', 1028, 27, 177, '2014-11-03 10:58:19', 19894404),
	(632, '2014-11-03 14:20:33', 1029, 31, 58, '2014-11-03 11:03:15', 11838977),
	(636, '2014-11-03 16:53:55', 950, 3, 184, '2014-11-03 11:07:07', 20808805),
	(637, '2014-11-03 15:44:02', 952, 21, 148, '2014-11-03 11:09:43', 16459623),
	(638, '2014-11-03 17:28:43', 1030, 28, 253, '2014-11-03 11:09:45', 22738379),
	(639, '2014-11-03 14:28:44', 953, 20, 110, '2014-11-03 11:10:13', 11911959),
	(640, '2014-11-03 14:58:44', 954, 23, 132, '2014-11-03 11:22:22', 12982165),
	(641, '2014-11-03 17:29:41', 1031, 30, 278, '2014-11-03 11:28:01', 21700646),
	(642, '2014-11-04 10:50:02', 1032, 31, 184, '2014-11-03 14:20:39', 23363058),
	(643, '2014-11-03 14:41:35', 1033, 32, 63, '2014-11-03 14:21:56', 1179900),
	(644, '2014-11-03 17:03:19', 955, 20, 108, '2014-11-03 14:28:58', 9261390),
	(645, '2014-11-03 14:41:58', 1034, 32, 122, '2014-11-03 14:41:40', 18848),
	(646, '2014-11-03 17:20:22', 1035, 32, 66, '2014-11-03 14:42:02', 9500242),
	(647, '2014-11-03 16:40:15', 956, 23, 114, '2014-11-03 14:58:53', 6082583),
	(648, '2014-11-03 16:30:31', 957, 21, 82, '2014-11-03 15:44:08', 2783406),
	(649, '2014-11-03 16:57:37', 958, 21, 88, '2014-11-03 16:30:35', 1622015),
	(650, '2014-11-03 16:49:02', 1036, 27, 29, '2014-11-03 16:30:44', 1098227),
	(651, '2014-11-03 17:18:15', 1037, 26, 41, '2014-11-03 16:34:51', 2604897),
	(652, '2014-11-03 17:11:11', 959, 23, 66, '2014-11-03 16:40:25', 1846730),
	(653, '2014-11-04 07:52:29', 1038, 27, 49, '2014-11-03 16:49:11', 3798675),
	(654, '2014-11-04 09:20:37', 960, 3, 168, '2014-11-03 16:54:01', 8796173),
	(655, '2014-11-04 08:10:58', 961, 20, 91, '2014-11-03 17:03:30', 4048764),
	(656, '2014-11-04 09:22:49', 962, 23, 128, '2014-11-03 17:11:38', 7871992),
	(658, '2014-11-04 08:50:03', 1039, 26, 51, '2014-11-03 17:19:40', 5423786),
	(659, '2014-11-04 07:45:04', 1040, 30, 28, '2014-11-04 07:13:09', 1915495),
	(660, '2014-11-04 08:13:58', 1041, 28, 41, '2014-11-04 07:25:04', 2934617),
	(662, '2014-11-04 07:37:52', 951, 21, 46, '2014-11-04 07:37:47', 5325),
	(663, '2014-11-04 09:53:07', 963, 21, 146, '2014-11-04 07:37:56', 8111762),
	(664, '2014-11-04 08:44:56', 1042, 30, 57, '2014-11-04 07:45:10', 3586059),
	(665, '2014-11-04 08:32:56', 1043, 27, 23, '2014-11-04 07:53:53', 2343660),
	(666, '2014-11-04 08:57:04', 1044, 32, 40, '2014-11-04 07:59:49', 3435334),
	(668, '2014-11-04 09:00:10', 964, 20, 108, '2014-11-04 08:14:23', 2747334),
	(669, '2014-11-04 09:02:06', 1045, 28, 51, '2014-11-04 08:18:07', 2639820),
	(670, '2014-11-04 10:53:29', 1046, 27, 74, '2014-11-04 08:33:06', 8423311),
	(671, '2014-11-04 09:37:53', 1047, 30, 38, '2014-11-04 08:45:04', 3169846),
	(672, '2014-11-04 09:56:54', 1048, 26, 27, '2014-11-04 08:50:28', 3986322),
	(673, '2014-11-04 10:08:00', 1049, 32, 54, '2014-11-04 08:57:08', 4252868),
	(674, '2014-11-04 11:14:39', 965, 20, 162, '2014-11-04 09:00:15', 8064532),
	(675, '2014-11-04 09:58:44', 1050, 28, 52, '2014-11-04 09:08:04', 3040428),
	(676, '2014-11-04 15:15:22', 966, 3, 224, '2014-11-04 09:20:46', 21276811),
	(677, '2014-11-04 11:38:14', 1016, 23, 112, '2014-11-04 09:22:55', 8119825),
	(678, '2014-11-04 11:18:03', 1051, 29, 63, '2014-11-04 09:25:57', 6726041),
	(679, '2014-11-04 10:32:33', 1052, 30, 38, '2014-11-04 09:44:31', 2882810),
	(680, '2014-11-04 14:48:42', 1018, 21, 152, '2014-11-04 09:53:32', 17710048),
	(681, '2014-11-04 11:34:15', 1053, 26, 53, '2014-11-04 09:57:08', 5827356),
	(682, '2014-11-04 10:25:57', 1054, 28, 40, '2014-11-04 10:01:52', 1445268),
	(683, '2014-11-04 11:16:34', 1055, 32, 90, '2014-11-04 10:08:05', 4109414),
	(684, '2014-11-04 10:46:38', 1056, 28, 21, '2014-11-04 10:28:01', 1117930),
	(685, '2014-11-04 11:26:41', 1057, 30, 78, '2014-11-04 10:33:09', 3212394),
	(686, '2014-11-04 11:43:37', 1058, 28, 58, '2014-11-04 10:47:08', 3389653),
	(687, '2014-11-04 11:46:53', 1059, 31, 24, '2014-11-04 10:50:07', 3406599),
	(688, '2014-11-04 11:28:16', 1060, 27, 22, '2014-11-04 10:53:40', 2076260),
	(689, '2014-11-04 15:16:44', 1017, 20, 146, '2014-11-04 11:14:45', 14519586),
	(690, '2014-11-04 13:46:59', 1061, 29, 25, '2014-11-04 11:18:07', 8932138),
	(691, '2014-11-04 15:18:59', 1062, 30, 115, '2014-11-04 11:26:49', 13930853),
	(692, '2014-11-04 14:07:46', 1063, 27, 42, '2014-11-04 11:28:24', 9562483),
	(693, '2014-11-04 11:56:26', 1064, 26, 18, '2014-11-04 11:34:21', 1325905),
	(694, '2014-11-04 11:51:20', 1065, 28, 17, '2014-11-04 11:43:52', 448371),
	(695, '2014-11-04 15:15:39', 1066, 31, 46, '2014-11-04 11:47:11', 12508097),
	(696, '2014-11-04 11:48:39', 967, 32, 174, '2014-11-04 11:48:14', 25208),
	(697, '2014-11-05 07:54:42', 986, 32, 149, '2014-11-04 11:48:43', 21959132),
	(698, '2014-11-04 14:49:33', 987, 28, 111, '2014-11-04 13:32:07', 4646029),
	(699, '2014-11-04 17:18:54', 988, 29, 103, '2014-11-04 13:47:08', 12706573),
	(700, '2014-11-04 16:21:49', 989, 26, 118, '2014-11-04 13:48:10', 9219016),
	(701, '2014-11-04 16:43:06', 990, 27, 139, '2014-11-04 14:08:07', 9299734),
	(702, '2014-11-04 15:35:05', 1019, 21, 45, '2014-11-04 14:48:49', 2776587),
	(703, '2014-11-04 15:33:43', 991, 28, 56, '2014-11-04 14:50:34', 2589406),
	(705, '2014-11-05 15:33:41', 992, 31, 205, '2014-11-04 15:15:50', 37071675),
	(706, '2014-11-05 08:06:07', 993, 30, 202, '2014-11-04 15:19:11', 10016273),
	(707, '2014-11-05 09:51:47', 994, 28, 242, '2014-11-04 15:33:53', 15474418),
	(708, NULL, 868, 3, 0, '2014-11-04 15:42:33', 0),
	(709, NULL, 868, 3, 0, '2014-11-04 15:44:49', 0),
	(710, NULL, 868, 3, 0, '2014-11-04 15:47:03', 0),
	(711, NULL, 995, 26, 0, '2014-11-04 16:22:40', 0),
	(712, '2014-11-04 17:28:35', 996, 27, 88, '2014-11-04 16:43:22', 2713012),
	(713, '2014-11-05 09:52:52', 997, 29, 75, '2014-11-04 17:19:00', 9232580),
	(714, '2014-11-05 07:10:29', 1020, 20, 98, '2014-11-05 07:10:11', 18818),
	(716, '2014-11-04 11:48:39', 1020, 20, 174, '2014-11-04 11:48:14', 25208),
	(717, '2014-11-04 11:48:39', 1022, 21, 174, '2014-11-04 11:48:14', 25208),
	(718, '2014-11-05 07:10:29', 1022, 21, 64, '2014-11-05 07:10:11', 18818),
	(720, '2014-11-05 10:19:45', 998, 32, 111, '2014-11-05 08:16:27', 7398240),
	(721, '2014-11-05 08:25:09', 999, 33, 45, '2014-11-05 08:24:59', 10028),
	(722, '2014-11-05 08:27:19', 1000, 33, 170, '2014-11-05 08:27:12', 7991),
	(725, '2014-11-05 08:31:37', 1021, 18, 89, '2014-11-05 08:28:22', 195689),
	(728, '2014-11-05 08:33:49', 1026, 3, 72, '2014-11-05 08:33:45', 4167),
	(729, '2014-11-05 13:59:01', 1003, 26, 177, '2014-11-05 08:41:17', 19064632),
	(730, '2014-11-05 08:33:49', 995, 26, 102, '2014-11-05 08:33:45', 0),
	(731, NULL, 1004, 32, 0, '2014-11-05 08:44:21', 0),
	(732, NULL, 998, 32, 0, '2014-11-05 08:44:56', 0),
	(733, '2014-11-05 08:55:58', 999, 30, 45, '2014-11-05 08:45:54', 604966),
	(734, NULL, 992, 31, 0, '2014-11-05 08:46:43', 0),
	(735, '2014-11-05 11:17:51', 1000, 27, 170, '2014-11-05 08:47:58', 8993270),
	(736, NULL, 994, 28, 0, '2014-11-05 08:48:23', 0),
	(737, NULL, 997, 29, 0, '2014-11-05 08:49:17', 0),
	(738, '2014-11-05 10:24:09', 1004, 30, 108, '2014-11-05 08:56:07', 5282974),
	(740, '2014-11-05 11:18:50', 1028, 3, 102, '2014-11-05 09:25:36', 6794831),
	(741, '2014-11-05 09:56:51', 1029, 20, 42, '2014-11-05 09:26:00', 1851262),
	(742, '2014-11-05 10:35:20', 1030, 21, 146, '2014-11-05 09:29:30', 3950607),
	(743, '2014-11-05 11:25:39', 1005, 28, 123, '2014-11-05 09:51:53', 5626070),
	(744, '2014-11-05 10:17:48', 1006, 29, 51, '2014-11-05 09:52:57', 1491474),
	(745, NULL, 1031, 23, 0, '2014-11-05 09:56:52', 0),
	(746, '2014-11-05 11:00:06', 1032, 20, 126, '2014-11-05 09:56:58', 3788204),
	(747, '2014-11-05 15:29:21', 1007, 29, 191, '2014-11-05 10:17:59', 18682512),
	(748, '2014-11-05 11:57:49', 1008, 32, 146, '2014-11-05 10:19:49', 5880505),
	(749, '2014-11-05 14:50:05', 1009, 30, 122, '2014-11-05 10:24:32', 15933616),
	(750, '2014-11-05 11:03:13', 1033, 21, 32, '2014-11-05 10:35:36', 1657016),
	(751, '2014-11-05 11:48:38', 1034, 20, 82, '2014-11-05 11:00:12', 2906275),
	(752, '2014-11-05 11:19:12', 1035, 21, 44, '2014-11-05 11:03:18', 954032),
	(753, '2014-11-05 11:21:19', 1010, 27, 49, '2014-11-05 11:17:59', 200438),
	(754, '2014-11-05 11:43:28', 1036, 3, 24, '2014-11-05 11:18:56', 1472161),
	(755, '2014-11-05 11:30:31', 1037, 21, 26, '2014-11-05 11:19:25', 666588),
	(756, '2014-11-05 16:20:19', 1011, 27, 154, '2014-11-05 11:21:32', 17927412),
	(757, '2014-11-05 14:53:14', 1012, 28, 104, '2014-11-05 11:25:59', 12435424),
	(758, '2014-11-05 11:45:55', 1038, 21, 34, '2014-11-05 11:30:37', 918800),
	(760, '2014-11-05 14:39:31', 1039, 3, 28, '2014-11-05 11:46:24', 10387940),
	(761, '2014-11-05 13:45:56', 1040, 20, 22, '2014-11-05 11:48:45', 7031291),
	(762, '2014-11-05 14:20:58', 1041, 21, 36, '2014-11-05 11:51:37', 8961654),
	(763, '2014-11-05 14:32:57', 1042, 20, 40, '2014-11-05 13:46:01', 2816055),
	(764, '2014-11-05 13:59:23', 1013, 32, 141, '2014-11-05 13:59:14', 9721),
	(765, '2014-11-05 17:16:39', 1014, 32, 164, '2014-11-05 13:59:28', 11831439),
	(766, '2014-11-05 14:06:01', 1015, 26, 32, '2014-11-05 14:00:00', 361929),
	(767, '2014-11-05 16:48:50', 1069, 26, 74, '2014-11-05 14:06:13', 9757696),
	(768, '2014-11-05 14:40:03', 1043, 21, 22, '2014-11-05 14:22:53', 1030374),
	(769, '2014-11-05 14:48:15', 1044, 20, 24, '2014-11-05 14:33:04', 911432),
	(770, '2014-11-05 15:17:15', 1045, 3, 34, '2014-11-05 14:39:47', 2248592),
	(771, '2014-11-05 15:18:41', 1046, 21, 44, '2014-11-05 14:40:11', 2310752),
	(772, '2014-11-05 15:07:13', 1047, 20, 26, '2014-11-05 14:48:20', 1133429),
	(773, '2014-11-05 16:50:42', 1070, 30, 64, '2014-11-05 14:50:27', 7215534),
	(774, '2014-11-05 16:48:15', 1071, 28, 73, '2014-11-05 14:53:47', 6868893),
	(775, '2014-11-05 15:25:53', 1048, 20, 26, '2014-11-05 15:07:24', 1109188),
	(776, '2014-11-05 16:25:57', 1049, 3, 32, '2014-11-05 15:17:20', 4117186),
	(777, '2014-11-05 16:07:54', 1050, 21, 28, '2014-11-05 15:21:12', 2802882),
	(778, '2014-11-05 16:17:01', 1051, 20, 38, '2014-11-05 15:25:58', 3063697),
	(779, '2014-11-06 09:08:02', 1072, 29, 83, '2014-11-05 15:29:26', 13116746),
	(780, '2014-11-06 09:53:33', 1073, 31, 56, '2014-11-05 15:34:05', 15568533),
	(781, '2014-11-05 16:28:21', 1052, 21, 30, '2014-11-05 16:08:18', 1203705),
	(782, '2014-11-05 16:52:18', 1053, 20, 34, '2014-11-05 16:17:55', 2063115),
	(783, '2014-11-05 17:25:36', 1074, 27, 58, '2014-11-05 16:20:34', 3902223),
	(784, '2014-11-05 16:45:23', 1054, 21, 30, '2014-11-05 16:28:28', 1015465),
	(785, '2014-11-06 07:52:48', 1055, 3, 64, '2014-11-05 16:29:17', 5011751),
	(786, '2014-11-05 16:55:16', 1056, 21, 20, '2014-11-05 16:45:31', 585315),
	(787, '2014-11-05 17:25:47', 1075, 28, 46, '2014-11-05 16:48:23', 2244985),
	(788, '2014-11-06 09:51:08', 1076, 26, 60, '2014-11-05 16:50:39', 10829921),
	(789, '2014-11-05 16:51:29', 1077, 30, 51, '2014-11-05 16:51:05', 24817),
	(790, '2014-11-05 17:23:40', 1057, 20, 50, '2014-11-05 16:52:30', 1870767),
	(791, '2014-11-05 17:09:35', 1058, 21, 40, '2014-11-05 16:55:23', 852678),
	(792, '2014-11-05 17:14:00', 1059, 21, 20, '2014-11-05 17:09:42', 258739),
	(793, '2014-11-05 17:22:21', 1060, 21, 20, '2014-11-05 17:14:05', 496627),
	(794, '2014-11-06 07:40:23', 1061, 21, 22, '2014-11-05 17:22:39', 1064092),
	(795, '2014-11-06 07:56:08', 1062, 20, 58, '2014-11-06 07:21:40', 2068977),
	(796, '2014-11-06 08:48:13', 1078, 28, 46, '2014-11-06 07:24:39', 5014310),
	(797, '2014-11-06 08:46:36', 1079, 32, 51, '2014-11-06 07:39:52', 4004035),
	(798, '2014-11-06 07:55:18', 1063, 21, 26, '2014-11-06 07:40:28', 890987),
	(799, '2014-11-06 09:32:13', 1080, 27, 90, '2014-11-06 07:44:43', 6450862),
	(801, '2014-11-06 08:57:54', 1081, 30, 58, '2014-11-06 07:54:52', 3782564),
	(803, '2014-11-06 08:13:11', 1066, 20, 30, '2014-11-06 07:56:15', 1016024),
	(804, '2014-11-06 09:36:22', 868, 21, 104, '2014-11-06 08:07:17', 5345314),
	(805, '2014-11-06 09:00:38', 869, 20, 86, '2014-11-06 08:13:33', 2825728),
	(806, '2014-11-06 09:40:11', 870, 3, 80, '2014-11-06 08:16:22', 5029911),
	(808, '2014-11-06 08:46:47', 1082, 32, 50, '2014-11-06 08:46:42', 5537),
	(809, '2014-11-06 08:46:57', 1083, 32, 84, '2014-11-06 08:46:52', 5567),
	(810, '2014-11-06 08:47:06', 1084, 32, 90, '2014-11-06 08:47:02', 4753),
	(811, '2014-11-06 08:47:15', 1085, 32, 64, '2014-11-06 08:47:12', 3692),
	(812, '2014-11-06 09:31:36', 1086, 28, 46, '2014-11-06 08:49:30', 2526291),
	(813, '2014-11-06 10:35:49', 1087, 30, 63, '2014-11-06 08:58:06', 5863696),
	(814, '2014-11-06 10:20:10', 871, 20, 90, '2014-11-06 09:00:44', 4766576),
	(815, '2014-11-06 10:36:33', 1067, 29, 71, '2014-11-06 09:08:19', 5294595),
	(816, '2014-11-06 10:30:21', 1088, 28, 68, '2014-11-06 09:31:42', 3519519),
	(817, '2014-11-06 10:37:50', 1089, 27, 71, '2014-11-06 09:32:25', 3925284),
	(818, '2014-11-06 10:16:41', 872, 21, 90, '2014-11-06 09:36:30', 2411115),
	(819, '2014-11-06 10:25:07', 873, 3, 72, '2014-11-06 09:40:17', 2690382),
	(820, '2014-11-06 11:43:37', 1090, 26, 56, '2014-11-06 09:51:32', 6725552),
	(821, '2014-11-06 13:55:19', 1091, 31, 47, '2014-11-06 09:53:38', 14501793),
	(822, '2014-11-06 10:36:04', 874, 21, 68, '2014-11-06 10:16:48', 1156532),
	(823, '2014-11-06 10:44:21', 875, 20, 47, '2014-11-06 10:20:15', 1446376),
	(824, '2014-11-06 10:41:28', 876, 3, 40, '2014-11-06 10:25:13', 975872),
	(825, '2014-11-06 11:32:54', 1092, 28, 61, '2014-11-06 10:31:28', 3686442),
	(826, '2014-11-06 11:47:45', 1093, 30, 53, '2014-11-06 10:35:55', 4310234),
	(827, '2014-11-06 10:43:05', 877, 21, 30, '2014-11-06 10:36:09', 416670),
	(828, '2014-11-06 13:53:31', 1094, 29, 57, '2014-11-06 10:36:40', 11811291),
	(829, '2014-11-06 11:47:14', 1095, 27, 67, '2014-11-06 10:39:41', 4053221),
	(830, '2014-11-06 11:10:17', 878, 3, 46, '2014-11-06 10:41:33', 1724695),
	(831, '2014-11-06 11:00:22', 879, 21, 48, '2014-11-06 10:43:10', 1032274),
	(832, '2014-11-06 11:12:57', 880, 20, 86, '2014-11-06 10:44:26', 1711314),
	(833, '2014-11-06 11:41:07', 881, 21, 84, '2014-11-06 11:00:27', 2440870),
	(834, '2014-11-06 11:44:26', 882, 3, 64, '2014-11-06 11:10:23', 2043365),
	(835, '2014-11-06 11:37:37', 883, 20, 68, '2014-11-06 11:14:26', 1391270),
	(836, '2014-11-06 14:28:05', 1096, 28, 67, '2014-11-06 11:38:28', 10177148),
	(837, '2014-11-06 11:56:15', 884, 21, 38, '2014-11-06 11:41:12', 903790),
	(838, '2014-11-06 14:18:08', 885, 3, 54, '2014-11-06 11:44:30', 9218271),
	(839, '2014-11-06 14:36:30', 1097, 30, 45, '2014-11-06 11:47:50', 10120163),
	(840, '2014-11-06 14:05:37', 1098, 27, 41, '2014-11-06 11:49:51', 8146063),
	(841, '2014-11-06 13:38:09', 867, 20, 26, '2014-11-06 11:49:53', 6496446),
	(842, '2014-11-06 13:52:53', 886, 21, 60, '2014-11-06 11:56:21', 6992014),
	(843, '2014-11-06 13:51:53', 887, 20, 36, '2014-11-06 13:38:14', 819612),
	(844, '2014-11-06 14:22:00', 1099, 26, 39, '2014-11-06 13:46:40', 2120515),
	(845, '2014-11-06 14:22:10', 888, 20, 90, '2014-11-06 13:51:58', 1812387),
	(846, '2014-11-06 14:26:57', 889, 21, 80, '2014-11-06 13:52:58', 2039870),
	(847, '2014-11-06 15:23:02', 1100, 31, 36, '2014-11-06 13:55:53', 5229214),
	(848, '2014-11-06 14:05:45', 1101, 29, 35, '2014-11-06 14:05:14', 31074),
	(849, '2014-11-06 14:42:53', 1102, 27, 27, '2014-11-06 14:05:52', 2221922),
	(850, '2014-11-06 14:38:10', 890, 3, 124, '2014-11-06 14:18:19', 1191341),
	(851, '2014-11-06 14:54:05', 891, 20, 70, '2014-11-06 14:22:15', 1910738),
	(852, '2014-11-06 17:07:20', 1103, 26, 47, '2014-11-06 14:22:23', 9897279),
	(853, '2014-11-06 15:09:18', 892, 21, 96, '2014-11-06 14:27:02', 2536091),
	(854, '2014-11-06 14:27:52', 1104, 32, 39, '2014-11-06 14:27:39', 13200),
	(855, '2014-11-06 14:28:11', 1105, 32, 44, '2014-11-06 14:27:57', 14747),
	(857, '2014-11-06 15:20:07', 1068, 28, 40, '2014-11-06 14:29:17', 3050354),
	(858, '2014-11-06 15:42:05', 1107, 30, 54, '2014-11-06 14:36:41', 3924423),
	(859, '2014-11-06 15:06:21', 893, 3, 74, '2014-11-06 14:38:17', 1684409),
	(860, '2014-11-07 08:26:52', 1108, 29, 103, '2014-11-06 14:42:07', 13485494),
	(861, '2014-11-06 15:25:52', 1109, 27, 25, '2014-11-06 14:43:08', 2564847),
	(862, '2014-11-06 15:29:19', 894, 23, 84, '2014-11-06 14:53:26', 2153718),
	(863, '2014-11-06 15:16:22', 895, 20, 58, '2014-11-06 14:54:19', 1323667),
	(864, '2014-11-06 15:37:49', 896, 3, 86, '2014-11-06 15:06:28', 1881028),
	(865, '2014-11-06 15:25:33', 897, 21, 40, '2014-11-06 15:09:27', 966176),
	(866, '2014-11-06 16:28:12', 898, 20, 83, '2014-11-06 15:16:28', 4304995),
	(867, '2014-11-06 16:46:20', 1110, 28, 41, '2014-11-06 15:22:05', 5055464),
	(868, '2014-11-06 16:55:21', 1111, 31, 40, '2014-11-06 15:23:09', 5532824),
	(869, '2014-11-06 16:12:51', 899, 21, 82, '2014-11-06 15:25:39', 2832888),
	(870, '2014-11-06 17:14:36', 1112, 27, 49, '2014-11-06 15:25:57', 6519364),
	(871, '2014-11-06 16:47:25', 900, 3, 116, '2014-11-06 15:37:54', 4171727),
	(872, '2014-11-06 16:44:56', 1113, 30, 37, '2014-11-06 15:42:12', 3764775),
	(873, '2014-11-06 17:13:16', 901, 21, 108, '2014-11-06 16:13:00', 3616750),
	(874, '2014-11-06 16:48:47', 902, 20, 52, '2014-11-06 16:28:19', 1228422),
	(875, '2014-11-06 17:25:16', 1114, 30, 50, '2014-11-06 16:45:05', 2411539),
	(876, '2014-11-06 17:16:01', 1115, 28, 30, '2014-11-06 16:47:20', 1721225),
	(877, '2014-11-06 16:58:36', 903, 3, 38, '2014-11-06 16:47:32', 664939),
	(878, '2014-11-06 17:01:47', 904, 20, 20, '2014-11-06 16:48:53', 774605),
	(879, '2014-11-07 09:45:52', 1116, 31, 59, '2014-11-06 16:55:26', 10226827),
	(881, '2014-11-07 09:02:00', 968, 3, 60, '2014-11-06 16:59:50', 7330513),
	(882, '2014-11-07 08:25:59', 969, 20, 64, '2014-11-06 17:01:52', 5047070),
	(883, '2014-11-07 09:07:00', 1117, 26, 55, '2014-11-06 17:12:42', 6858130),
	(884, '2014-11-07 08:20:36', 970, 21, 42, '2014-11-06 17:13:56', 4000390),
	(885, '2014-11-07 09:12:54', 1118, 27, 56, '2014-11-06 17:14:43', 7091223),
	(887, '2014-11-07 08:34:09', 1119, 28, 44, '2014-11-07 07:15:20', 4729981),
	(888, '2014-11-07 08:22:35', 1120, 32, 39, '2014-11-07 07:16:31', 3964629),
	(889, '2014-11-07 09:04:46', 1121, 30, 43, '2014-11-07 07:55:50', 4136817),
	(890, '2014-11-07 09:17:26', 971, 21, 116, '2014-11-07 08:20:43', 3403349),
	(891, '2014-11-07 09:08:48', 972, 20, 74, '2014-11-07 08:26:04', 2564161),
	(892, '2014-11-07 09:16:13', 1122, 29, 43, '2014-11-07 08:27:02', 2951105),
	(893, '2014-11-07 09:51:41', 1123, 32, 47, '2014-11-07 08:30:12', 4889372),
	(894, '2014-11-07 09:15:37', 1124, 28, 48, '2014-11-07 08:35:55', 2382317),
	(895, '2014-11-07 09:45:21', 973, 3, 50, '2014-11-07 09:02:05', 2596186),
	(896, '2014-11-07 10:24:41', 1125, 30, 49, '2014-11-07 09:04:51', 4790103),
	(897, '2014-11-07 10:44:57', 1126, 26, 46, '2014-11-07 09:07:07', 5870657),
	(898, '2014-11-07 09:25:40', 974, 20, 38, '2014-11-07 09:09:27', 973116),
	(899, '2014-11-07 10:48:32', 1127, 27, 67, '2014-11-07 09:13:05', 5727329),
	(900, '2014-11-07 10:05:28', 1128, 29, 31, '2014-11-07 09:16:17', 2951675),
	(901, '2014-11-07 09:17:06', 1129, 28, 64, '2014-11-07 09:16:44', 22232),
	(902, '2014-11-07 09:38:57', 975, 21, 66, '2014-11-07 09:17:33', 1284419),
	(903, '2014-11-07 10:28:36', 976, 20, 98, '2014-11-07 09:25:45', 3771268),
	(904, '2014-11-07 10:29:34', 977, 21, 104, '2014-11-07 09:39:03', 3031680),
	(905, NULL, 978, 3, 0, '2014-11-07 09:45:29', 0),
	(906, '2014-11-07 10:59:38', 1130, 31, 31, '2014-11-07 09:46:01', 4417100),
	(907, NULL, 1131, 32, 0, '2014-11-07 09:51:54', 0),
	(908, '2014-11-07 11:11:28', 1132, 29, 31, '2014-11-07 10:09:25', 3723498),
	(909, '2014-11-07 11:10:42', 1133, 28, 48, '2014-11-07 10:15:51', 3291875),
	(910, '2014-11-07 10:52:11', 1134, 30, 27, '2014-11-07 10:24:45', 1646025),
	(911, '2014-11-07 10:44:02', 979, 20, 44, '2014-11-07 10:28:41', 921912),
	(912, '2014-11-07 11:05:26', 980, 21, 96, '2014-11-07 10:29:40', 2146916),
	(913, '2014-11-07 11:43:54', 1135, 26, 29, '2014-11-07 10:45:05', 3529375),
	(914, '2014-11-07 11:35:55', 981, 20, 58, '2014-11-07 10:46:00', 2995363),
	(915, '2014-11-07 11:57:05', 1136, 27, 37, '2014-11-07 10:50:07', 4018401),
	(916, '2014-11-07 11:42:58', 1137, 30, 35, '2014-11-07 10:52:16', 3042566),
	(917, NULL, 1138, 31, 0, '2014-11-07 10:59:48', 0),
	(918, '2014-11-07 11:37:35', 982, 21, 92, '2014-11-07 11:05:33', 1922170),
	(919, '2014-11-07 11:34:32', 1139, 28, 18, '2014-11-07 11:10:54', 1418381),
	(920, NULL, 1140, 29, 0, '2014-11-07 11:11:35', 0),
	(921, NULL, 1141, 28, 0, '2014-11-07 11:34:41', 0),
	(922, NULL, 983, 20, 0, '2014-11-07 11:36:00', 0),
	(923, NULL, 984, 21, 0, '2014-11-07 11:37:40', 0),
	(924, NULL, 1142, 30, 0, '2014-11-07 11:43:10', 0);
/*!40000 ALTER TABLE `relatorio` ENABLE KEYS */;


-- Copiando estrutura para tabela login.relatoriodiario
CREATE TABLE IF NOT EXISTS `relatoriodiario` (
  `cod` int(11) NOT NULL AUTO_INCREMENT,
  `dataRelatorio` datetime DEFAULT NULL,
  `fotos` int(11) DEFAULT NULL,
  `qtdAlbuns` int(11) DEFAULT NULL,
  `func` int(11) DEFAULT NULL,
  PRIMARY KEY (`cod`),
  KEY `FK_rf6f4wwxensvsjsg8cvdtek4y` (`func`),
  CONSTRAINT `FK_rf6f4wwxensvsjsg8cvdtek4y` FOREIGN KEY (`func`) REFERENCES `usuario` (`cod`)
) ENGINE=InnoDB AUTO_INCREMENT=94 DEFAULT CHARSET=latin1;

-- Copiando dados para a tabela login.relatoriodiario: ~90 rows (aproximadamente)
/*!40000 ALTER TABLE `relatoriodiario` DISABLE KEYS */;
REPLACE INTO `relatoriodiario` (`cod`, `dataRelatorio`, `fotos`, `qtdAlbuns`, `func`) VALUES
	(2, '2014-10-08 10:50:54', 1067, 15, 3),
	(3, '2014-10-08 10:51:21', 1215, 18, 21),
	(4, '2014-10-08 10:51:36', 864, 14, 20),
	(5, '2014-10-08 13:58:35', 394, 4, 18),
	(6, '2014-10-09 07:17:08', 906, 13, 20),
	(7, '2014-10-09 07:25:00', 1061, 13, 21),
	(8, '2014-10-09 08:27:30', 660, 8, 3),
	(9, '2014-10-09 08:32:40', 694, 8, 18),
	(10, '2014-10-10 07:14:24', 1210, 25, 21),
	(11, '2014-10-10 07:53:46', 691, 16, 20),
	(12, '2014-10-10 07:54:12', 832, 17, 3),
	(13, '2014-10-10 08:34:09', 754, 16, 18),
	(14, '2014-10-13 07:27:30', 748, 20, 20),
	(15, '2014-10-13 07:58:06', 856, 21, 18),
	(16, '2014-10-13 09:46:01', 921, 21, 23),
	(17, '2014-10-13 10:37:58', 487, 11, 3),
	(18, '2014-10-14 08:14:35', 1165, 12, 21),
	(19, '2014-10-14 08:38:05', 465, 5, 20),
	(20, '2014-10-14 09:51:13', 536, 6, 18),
	(21, '2014-10-14 09:57:00', 422, 4, 3),
	(22, '2014-10-14 11:06:04', 342, 4, 23),
	(23, '2014-10-15 07:51:45', 936, 10, 21),
	(24, '2014-10-15 07:55:14', 603, 7, 20),
	(25, '2014-10-15 08:23:14', 506, 4, 3),
	(26, '2014-10-15 09:47:35', 454, 6, 23),
	(27, '2014-10-15 10:26:50', 126, 1, 18),
	(28, '2014-10-27 00:00:00', 60, 1, 3),
	(29, '2014-10-31 00:00:00', 532, 8, 21),
	(30, '2014-10-31 00:00:00', 498, 8, 23),
	(33, '2014-10-31 00:00:00', 236, 4, 3),
	(34, '2014-10-31 00:00:00', 83, 1, 27),
	(35, '2014-10-31 00:00:00', 289, 2, 28),
	(36, '2014-11-01 00:00:00', 311, 2, 30),
	(37, '2014-11-03 00:00:00', 644, 10, 20),
	(38, '2014-11-03 00:00:00', 877, 8, 21),
	(39, '2014-11-03 00:00:00', 466, 4, 3),
	(40, '2014-11-03 00:00:00', 513, 3, 28),
	(41, '2014-11-03 00:00:00', 454, 3, 26),
	(42, '2014-11-03 00:00:00', 867, 5, 32),
	(43, '2014-11-03 00:00:00', 452, 4, 23),
	(44, '2014-11-03 00:00:00', 304, 1, 29),
	(45, '2014-11-03 00:00:00', 474, 3, 30),
	(46, '2014-11-03 00:00:00', 168, 5, 18),
	(47, '2014-11-03 00:00:00', 594, 4, 27),
	(48, '2014-11-03 00:00:00', 302, 2, 31),
	(49, '2014-11-03 00:00:00', 252, 1, 22),
	(50, '2014-11-04 00:00:00', 389, 4, 21),
	(51, '2014-11-04 00:00:00', 354, 6, 30),
	(52, '2014-11-04 00:00:00', 437, 7, 27),
	(53, '2014-11-04 00:00:00', 507, 4, 20),
	(54, '2014-11-04 00:00:00', 447, 9, 28),
	(55, '2014-11-04 00:00:00', 267, 5, 26),
	(56, '2014-11-04 00:00:00', 358, 4, 32),
	(57, '2014-11-04 00:00:00', 392, 2, 3),
	(58, '2014-11-04 00:00:00', 240, 2, 23),
	(59, '2014-11-04 00:00:00', 415, 4, 29),
	(60, '2014-11-04 00:00:00', 254, 3, 31),
	(61, '2014-11-05 00:00:00', 608, 12, 20),
	(62, '2014-11-05 00:00:00', 711, 5, 32),
	(63, '2014-11-05 00:00:00', 592, 6, 30),
	(64, '2014-11-05 00:00:00', 215, 2, 33),
	(65, '2014-11-05 00:00:00', 89, 1, 18),
	(66, '2014-11-05 00:00:00', 292, 6, 3),
	(67, '2014-11-05 00:00:00', 588, 5, 28),
	(68, '2014-11-05 00:00:00', 317, 3, 29),
	(69, '2014-11-05 00:00:00', 636, 16, 21),
	(70, '2014-11-05 00:00:00', 431, 4, 27),
	(71, '2014-11-05 00:00:00', 385, 4, 26),
	(72, '2014-11-05 00:00:00', 205, 1, 31),
	(73, '2014-11-06 00:00:00', 976, 15, 21),
	(74, '2014-11-06 00:00:00', 858, 12, 3),
	(75, '2014-11-06 00:00:00', 900, 15, 20),
	(76, '2014-11-06 00:00:00', 422, 7, 32),
	(77, '2014-11-06 00:00:00', 399, 8, 28),
	(78, '2014-11-06 00:00:00', 360, 7, 30),
	(79, '2014-11-06 00:00:00', 246, 4, 29),
	(80, '2014-11-06 00:00:00', 370, 7, 27),
	(81, '2014-11-06 00:00:00', 202, 4, 26),
	(82, '2014-11-06 00:00:00', 179, 4, 31),
	(83, '2014-11-06 00:00:00', 84, 1, 23),
	(84, '2014-11-07 00:00:00', 516, 6, 21),
	(85, '2014-11-07 00:00:00', 86, 2, 32),
	(86, '2014-11-07 00:00:00', 376, 6, 20),
	(87, '2014-11-07 00:00:00', 208, 4, 29),
	(88, '2014-11-07 00:00:00', 222, 5, 28),
	(89, '2014-11-07 00:00:00', 110, 2, 3),
	(90, '2014-11-07 00:00:00', 154, 4, 30),
	(91, '2014-11-07 00:00:00', 130, 3, 26),
	(92, '2014-11-07 00:00:00', 160, 3, 27),
	(93, '2014-11-07 00:00:00', 90, 2, 31);
/*!40000 ALTER TABLE `relatoriodiario` ENABLE KEYS */;


-- Copiando estrutura para tabela login.usuario
CREATE TABLE IF NOT EXISTS `usuario` (
  `cod` int(11) NOT NULL AUTO_INCREMENT,
  `apelido` varchar(255) DEFAULT NULL,
  `senha` varchar(255) DEFAULT NULL,
  `ultimoacesso` varchar(255) DEFAULT NULL,
  `nivelacesso` int(11) DEFAULT NULL,
  `logado` bit(1) DEFAULT NULL,
  `setor` int(11) DEFAULT NULL,
  `album_atual` int(11) DEFAULT NULL,
  `auxiliar` varchar(255) DEFAULT NULL,
  `servicoanterior` varchar(255) DEFAULT NULL,
  `servicoatual` varchar(255) DEFAULT NULL,
  PRIMARY KEY (`cod`),
  KEY `FK_q7yr29djid5uulpqkbjntn8u5` (`album_atual`),
  CONSTRAINT `FK_q7yr29djid5uulpqkbjntn8u5` FOREIGN KEY (`album_atual`) REFERENCES `album` (`cod`)
) ENGINE=InnoDB AUTO_INCREMENT=39 DEFAULT CHARSET=latin1;

-- Copiando dados para a tabela login.usuario: ~21 rows (aproximadamente)
/*!40000 ALTER TABLE `usuario` DISABLE KEYS */;
REPLACE INTO `usuario` (`cod`, `apelido`, `senha`, `ultimoacesso`, `nivelacesso`, `logado`, `setor`, `album_atual`, `auxiliar`, `servicoanterior`, `servicoatual`) VALUES
	(2, 'admin', 'admin', '2014-11-07 11:08:51', 3, b'1', 0, NULL, NULL, NULL, NULL),
	(3, 'sergio', 'qkex14', '2014-11-06 10:49:07', 2, b'1', 3, 978, '\\\\192.168.1.52\\ssd3\\FICHA 29-2014\\07 - 7573 - 8313 - BIOQUIMICA -  ENFERMAGEM - UFSJ - DIVINOPOLIS\\PRODUCAO\\201400014', NULL, NULL),
	(14, 'norberto', 'norberto', '2014-09-19 14:36:21.285', 1, b'0', 5, NULL, NULL, NULL, NULL),
	(18, 'marcelo', '', '2014-11-07 11:50:56', 2, b'0', 3, NULL, '\\\\192.168.1.52\\ssd2\\FICHA 031-2014\\01 - 8310 - DIREITO - FACTO - PALMAS\\PRODUCAO 2\\201410807', NULL, NULL),
	(20, 'michele', '28', '2014-11-06 17:18:36', 1, b'1', 3, 983, '\\\\192.168.1.52\\ssd3\\FICHA 29-2014\\07 - 7573 - 8313 - BIOQUIMICA -  ENFERMAGEM - UFSJ - DIVINOPOLIS\\PRODUCAO\\201400020', NULL, NULL),
	(21, 'ana lucia', 'ana lucia', '2014-11-05 09:28:15', 1, b'1', 3, 984, '\\\\192.168.1.52\\ssd3\\FICHA 29-2014\\07 - 7573 - 8313 - BIOQUIMICA -  ENFERMAGEM - UFSJ - DIVINOPOLIS\\PRODUCAO\\201400021', NULL, NULL),
	(22, 'lia', 'lia', '2014-11-01 09:26:00', 1, b'1', 2, NULL, '\\\\192.168.1.50\\ssd1\\FICHA 031-2014\\01 - 8310 - DIREITO - FACTO - PALMAS\\201410805', NULL, NULL),
	(23, 'daelson', 'daelson', '2014-11-03 10:06:09', 2, b'1', 3, NULL, '\\\\192.168.1.51\\ssd1\\FICHA  029-2014\\08 - 7522 - DIREITO - UFMS - TRES LAGOAS\\PRODUCAO\\201409639', NULL, NULL),
	(24, 'patrao', 'patrao', '2014-11-07 07:52:12', 0, b'1', 0, NULL, NULL, NULL, NULL),
	(26, 'marcos', 'marcos', '2014-10-31 11:01:12', 1, b'1', 2, NULL, '\\\\192.168.1.50\\ssd2\\FICHA 031-2014\\07 - 9320 - VARIOS CURSOS - UNI - ANHANGUERA - GOIANIA\\PRODUCAO 01\\201426231', NULL, NULL),
	(27, 'aleixo', 'Maleixo', '2014-11-06 17:23:05', 1, b'1', 2, NULL, '\\\\192.168.1.50\\ssd2\\FICHA 031-2014\\07 - 9320 - VARIOS CURSOS - UNI - ANHANGUERA - GOIANIA\\PRODUCAO 01\\201426232', NULL, NULL),
	(28, 'jessica', 'jessica', '2014-11-05 17:27:46', 1, b'1', 2, 1141, '\\\\192.168.1.50\\ssd2\\FICHA 031-2014\\07 - 9320 - VARIOS CURSOS - UNI - ANHANGUERA - GOIANIA\\PRODUCAO 02\\201404323', NULL, NULL),
	(29, 'bozin', 'bozin', '2014-11-03 17:29:15', 1, b'1', 2, 1140, '\\\\192.168.1.50\\ssd2\\FICHA 031-2014\\07 - 9320 - VARIOS CURSOS - UNI - ANHANGUERA - GOIANIA\\PRODUCAO 01\\201426254', NULL, NULL),
	(30, 'aline', '2311', NULL, 1, b'1', 2, 1142, '\\\\192.168.1.50\\ssd2\\FICHA 031-2014\\07 - 9320 - VARIOS CURSOS - UNI - ANHANGUERA - GOIANIA\\PRODUCAO 02\\201404324', NULL, NULL),
	(31, 'matheus', 'matheus', '2014-11-06 17:25:26', 1, b'1', 2, 1138, '\\\\192.168.1.50\\ssd2\\FICHA 031-2014\\07 - 9320 - VARIOS CURSOS - UNI - ANHANGUERA - GOIANIA\\PRODUCAO 01\\201426234', NULL, NULL),
	(32, 'joao', 'joao', '2014-11-07 08:34:02', 2, b'1', 2, 1131, '\\\\192.168.1.50\\ssd2\\FICHA 031-2014\\07 - 9320 - VARIOS CURSOS - UNI - ANHANGUERA - GOIANIA\\PRODUCAO 01\\201426227', NULL, NULL),
	(33, 'anderson', 'anderson', '2014-11-05 08:28:02', 1, b'0', 2, NULL, '\\\\192.168.1.52\\ssd3\\FICHA 29-2014\\07 - 7573 - 8313 - BIOQUIMICA -  ENFERMAGEM - UFSJ - DIVINOPOLIS\\PRODUCAO\\201400042', NULL, NULL),
	(34, 'jean', 'jean', '2014-11-06 08:24:54', 1, b'0', 2, NULL, '\\\\192.168.1.50\\ssd2\\FICHA 031-2014\\07 - 9320 - VARIOS CURSOS - UNI - ANHANGUERA - GOIANIA\\PRODUCAO 01\\201405963', NULL, NULL),
	(35, 'daelson2', 'daelson2', '2014-11-03 08:17:05', 2, b'0', 2, NULL, NULL, NULL, NULL),
	(36, 'maquina', 'maquina', '2014-11-07 08:08:58', 2, b'1', 4, NULL, NULL, NULL, NULL),
	(38, 'ramos', 'ramos', '2014-11-07 11:09:33', 3, b'1', 0, NULL, NULL, NULL, NULL);
/*!40000 ALTER TABLE `usuario` ENABLE KEYS */;
/*!40101 SET SQL_MODE=IFNULL(@OLD_SQL_MODE, '') */;
/*!40014 SET FOREIGN_KEY_CHECKS=IF(@OLD_FOREIGN_KEY_CHECKS IS NULL, 1, @OLD_FOREIGN_KEY_CHECKS) */;
/*!40101 SET CHARACTER_SET_CLIENT=@OLD_CHARACTER_SET_CLIENT */;
